tweet,clasificacion,,,
Pero la presidenta será @XochitlGalvez,1,,,
"Señora usted les da mucho miedo, y la verdad tienen razón porque el próximo año usted será presidenta",1,,,
Y vamos a ganar @XochitlGalvez Presidenta.,1,,,
"La impartición de Justicia en la CDMEX, es lo q puede pasar a nivel federal si apoyan a Morena en el 2024, por esa y muchas mas razones yo muchísimos Mexicanos votaremos por @XochitlGalvez será la primera Mujer presidenta d nuestro gran país,",1,,,
Por que insiste en ser presidenta si usted es feliz siendo tratando de ser una payasa,0,,,
"ni sueñes con ser Presidenta, a lo mejor solo de tu colonia, cochitl",0,,,
Tu casa contra mi casa perro y no verás presidenta a Xochitl,0,,,
"100% Xochiltl, para la próxima presidenta.",1,,,
Y próximamente tendremos a nuestra primera presidenta.Estoy hablando de @XochitlGalvez por supuesto,1,,,
nvitada a nuestro hogar... @XochitlGalvez Presidenta.,1,,,
"La esperanza de una chamba, del moche o de las influencias en el gobierno. #Mochitl no será presidenta. Ya no insistan. Tendrá que hacer circo desde otra pluri. #CasaDelMoche #CasaRoja",0,,,
"Y todavía quiere ser presidenta, no memen esa botarga no tiene vergüenza, cinica.",0,,,
"Vulgar, corriente y naca. Y así quieres ser presidenta? ",0,,,
"Entonces porque te amparaste , aguanta  mentirosa, corrupta eso demuestra que tienes miedo y tuviste que recurrir a  los tribunales vendidos para que defiendan que verguenza que una persona como tu quiera ser la botarga presidenta",0,,,
"¡Aunque es presidente, no presidenta! Ya corregido el dato, votaría por Xóchitl sin duda.",1,,,
"XochitlGalvez con todo gusto y amor te recibiría en mi humilde casa, tú SI eres la presidenta que requerimos todos los habitantes de México.",1,,,
Una #Xingona @XochitlGalvez PRESIDENTA!,1,,,
Arriba @XochitlGalvez PRESIDENTA AURENTICA NO FARSAS COMO LOS MORENOS,1,,,
"Presidenta Xochitl, desde ahora usted ya vive en mi casa y en la toda mi familia , quiero decirle que cuente ya con nuestros VOTOS!!",1,,,
"#XóchitlGalvez debe estar segura que millones de casas serían su casa,porque sabe que ha conquistado el corazón de los mexicanos,los que vemos en ella, una esperanza para México. No está sola,será la Presidenta que el país necesita para salir adelante. Y nada va a detenernos.",1,,,
"Yo voy a votar por @XochitlGalvez, y por mi ya me pueden excomulgar en este preciso instante.",1,,,
Quien en su sano juicio va votar por esta payasa rata igual que tú inútil de mierda,0,,,
"No te preocupes, nosotros creemos en ti y lo único que causan es que tengamos más razones por votar por usted.",1,,,
"Arriba y Adelante, XOCHITL GÁLVEZ 65,000.000 de jóvenes, listos para votar por ti.",1,,,
Si no queda @EVerastegui voy a anular mi voto no quiero a @XochitlGalvez,0,,,
"Yo voy anular mi voto, @XochitlGalvez quiere darle vivienda, trabajos de Nearshoring y apoyos sociales con nuestro dinero a los invasores mal llamados ""migrantes"" yo no voy a trabajar y pagar impuestos para que ella beneficie africanos, haitianos, centroamericanos y sudamericanos",0,,,
Los que realmente amamos la vida dimos por hecho anular el voto antes de votar por una abortista como @XochitlGalvez Así que no hay nada que dividamos,0,,,
"Con todo cariño y respeto Jaime, pero en estas alturas es preferible anular el voto que apoyar a la neotroskista de @XochitlGalvez Porque al final, si algo nos ha demostrado la pseudo""oposicion"" es que lo único que la diferencia de MORENA es su desprecio al Peje, nada más.",0,,,
"Estas usando al senado para promocionarte , jamás jamás ganarás,  esa gelatina no cuajo ,",0,,,
"Ya ven ahora escribe y la caga antes era abría la boca y la caga ahora hasta en la escritura esta es la que quiere ser presidenta no seria una desgracia para el país, si crees que con estupideces ganarás no lo creo",0,,,
"XochitlGalvez eres una mediocre corrupta y ladrona. No ganarás y no mamaras del erario, apestas a corrupción.",0,,,
"Eres una mujer corrupta como lo que representas al PRIAN, no deberías ni siquiera competir por tu falta de honestidad, no ganarás y ya no serás nada en la política mexicana.",0,,,
NUNCA GANARAS!!! No arruinaras los planes de millones de Mexicanos!!,0,,,
"No lo privatizaras ,porque no ganarás pinche gorda vende gelatinas,solo eres la gata del Claudio x,una empleada.",0,,,
"Corrupta mentirosa, no solo no ganarás nada, irás a prisión.",0,,,
"Nomas no chilles..... todo por cuidarle los intereses a tus señores , porque ni mujeres son las que te ibligan a estar ahí , pero en fin, allá tu... después , ni aunque ganaras te vas a zafar, esos son gente de lo peorcito, abusada",0,,,
XochitlGalvez te apoyamos! No te dejes amedrentar por los rateros de @PartidoMorenaMx  están aterrorizados porque saben que ganarás!!!,1,,,
"Vaya ignorancia monumental en materia de seguridad, inteligencia artificial?? Si a duras penas hay dinero para pagar salarios!!! Más dinero para las policias municipales?? No sabes ni que decir @Xochitl2024 por eso no ganarás!! #mexico #desinformación",0,,,
Tu me das asco Xochitl no cuentes con mi boto hablas puras idioteces eres una pendeja al decir que si ganarás la presidencia dejaras que agan una intervención por parte de EU estás tonta o qué viva amlo y que VIVA MÉXICO,0,,,
"Y Oaxaca no, tu país comienza de la cdmx hacia al norte, y tampoco ahí ganarás",0,,,
Jajajaja oite pin che panzona de mi erda es más divertido mentarte tu pu ta ma Dre porque solo pen dejadas dices y nada de propuestas así que panzona de mi erda sigue divirtiéndote y nosotros men tandote tu re pu ta ma dre al final NO GANARAS NI TU PTA MA DRE,0,,,
"Elimina también tus esperanzas… estás en el lado oscuro… el de la corrupción, simulación y…, ¡no ganarás!",0,,,
"Sabes contar, con México no cuentes no queremos una Corrupta, Rata, Vulgar y Corriente en la presidencia Xochitl Gálvez no ganarás nada.",0,,,
"Lamentable que te quieras colgar de colectivos por votos, aún así no ganarás de hecho quedadas en. 3ro o 4to detrás de Verástegui y Ebrard",0,,,
Ni en tus sueños ganarás ya te sacaron tus trapitos al sol,0,,,
"XochitlGalvez eres una mediocre corrupta y ladrona. No ganarás y no mamaras del erario, apestas a corrupción.",0,,,
"Eres una mujer corrupta como lo que representas al PRIAN, no deberías ni siquiera competir por tu falta de honestidad, no ganarás y ya no serás nada en la política mexicana.",0,,,
"Si podemos, entré todos si podemos. Marcha en apoyo a la Sra. Senadora y próxima Presidenta, que se note que no está sola.",1,,,
"Apoyo al Travieso, estamos con usted, Xóchitl",1,,,
Millones apoyamos a Xóchitl!!! MORENA porquería de partido!!! La quieren derrotar pero tiene el apoyo del pueblo,1,,,
Apoyo a @XochitlGalvez hasta la VICTORIA,1,,,
"XochitlGalvez la CINICA, VULGAR, HIPOCRITA, QUE NO TIENE PRESENCIA, LA CIRQUERA QUE YA SE CREE PRESIDENTA. SU CAIDA SERA ESTREPITOSA, NO LEVANTA LA CORRUPTA INGE'ÑERA QUE REPRESENTA MUY BIEN A LOS #PRIANDEJOS ESTA BOTARGA GELATINOSA NUNCA GANARA !",0,,,
Jamás ganará la señora x.,0,,,
"Con la botarga ni a la esquina,es la esperanza de los corruptos y chayoteros, no ganará el pueblo es el que cuenta no los chayoteros.",0,,,
Yo tampoco quiero que gane mugreña pero la señora X no ganará.,0,,,
Xóchitl ganará a pesar de toda esta violencia….Dios la protegerá.es nuestra esperanza!!,1,,,
Habrá voto útil y ganará #XochitlGalvezPresidenta2024,1,,,
"¡En Durango se siente el respaldo del priismo a @XochitlGalvez, nos da mucho gusto que nos acompañe en este encuentro tan importante",1,,,
"Es palero , @XochitlGalvez no ganará nada!!",0,,,
"Jejeje dan pena ajena sólo en sus sueños que la @mochitli ganara piensan que la gente se pueden engañar como años anteriores,no entiendo porque sus cabecitas no funcionan bien @XochitlGalvez @Xochitl2024 @pobrebotarga 
Deberías de retirarte no pases mas vergüenzas",0,,,
"Aunque te arda ,votaremos por Claudia y ganaremos.la botarga ladrona mentirosa ignorante .no ganará",0,,,
XochitlGalvez @Xochitl2024 ganará las elecciones el próximo año y el parlamento será liberado de la hienas carroñeras de MORENA,1,,,
"No sea ridícula señora, solo en sus sueños ganara! Patética lo que le sigue...",0,,,
"XochitlGalvez mi querida Xóchil, se que lo van a checar, por favor hagamos una campaña para que todos lo que vamos a votar por tí, chequeamos que nuestra credencial de elector está vigente para el día de las votaciones, Saludos",1,,,
"Yo no soy político ni pertenezco a ningún partido, pero me comprometo a convencer a 10 personas de votar en favor de @XochitlGalvez",1,,,
"Nosotros mismos les damos ese favoritismo, pero eso no significa que vayamos a votar a favor de ellos. @XochitlGalvez será la presidenta",1,,,
"Mi familia y yo vamos a votar por usted... Pero si quería pedirle que impulse leyes contra el maltrato animal, que su gobierno se ponga del lado del bienestar animal por favor",1,,,
"A Claudia la elige el pueblo por su trabajo. Saldremos a votar por ella por sus resultados y no habrá necesidad de que ningún varón le ceda el lugar. POR FAVOR, TODO EL DINERO DE XÓCHITL ES DE DUDOSA PROCEDENCIA.",0,,,
"insistir en que la gente salga a votar, en los jóvenes también lo hagan y que sigamos promoviendo a @XochitlGalvez para que llegue fortalecida a la campaña presidencial.
Si logramos que al menos el 50% de los abstencionistas salgan a votar a favor de la Senadora y oficialmente",1,,,
Donde puedo ir a votar por Xochitl??? Ya casi se termina el día y no se donde!!! Por favor no quiero perder esta oportunidad de votar por mi candidata,1,,,
Por favor salgamos a votar en las próximas elecciones por Xochitl. No permitamos que gane el abstencionismo,1,,,
Mi voto y de mi familia va por @XochitlGalvez  y el frente amplio,1,,,
"Me encantó. Cuentas con el voto de mi familia, amigos, vecinos y, por supuesto, el mío. Eres la candidata de los ciudadanos.",1,,,
Mi casa es tu casa !! #XochitlGalvezPresidenta Mi bici… es va tu bici . Y mi voto es tu voto @XochitlGalvez,1,,,
"Yo voto por la que quiere reconstruir, no más destrucción. Mi voto será para #XochiltGalvezPresidenta2024",1,,,
"#MiCasaEsTuCasaXóchitl #PuertaXAbiertaX Tienes mi voto, Xóchitl",1,,,
"Ya estamos con pijama pero desde aquí te decimos que tienes tu casa @XochitlGalvez, que nada, ni nadie intente frenar tu camino a la Presidencia de México.No estás sola y millones de mexicanos te apoyamos",1,,,
Toda mi familia es católica y apoyamos a Xóchitl.,1,,,
"No estás sola, millones de apoyamos, vamos con todo",1,,,
"Me confirman que así como hay chango-chairos, tu eres un dere-chango: fanáticos, cerrado, ignorante, dogmático. Con la ficción de que Verastegui tiene la mínima posibilidad de ganar. Un absurdo a todas luces, sin fundamento Gracia por no votar por Xóchitl",0,,,
Viva el pueblo de México que no va a votar por ti por corrupta..Jefa de un cartel inmobiliario.que te convertiste en millonaria aprovechándote de tu posición como alcaldesa.,0,,,
Yo no voy a votar por Xóchitl,0,,,
Yo voy a votar por Xochitl Gálvez ,1,,,
"Excelente Xóchitl. No la dejemos sola,se viene una elección de Estado. Los interesados en un mejor país,estemos listos para votar y exigir que haya respeto en las próximas elecciones. Si podemos somos",1,,,
"Se quejan de los libros de la SEP comunistas y van a votar por Xochitl quien dice que es marxista y Trotskysta, no se les entiende",0,,,
Aquí lo importante es votar por Xóchitl y por todos los candidatos del Frente! Con la finalidad de conservar el equilibro en el congreso Rey! Que si ganan no puedan destrozar las instituciones que salvaguardan la constitución y se quieran eternizar en el poder! Es lo qué hay!,1,,,
Oye @XochitlGalvez en tu equipo vas a sumar a gente transfobica?? Ojo!!! A los que van a votar por @XochitlGalvez vean las amistades que las rodean,0,,,
"Yo, mi familia y mis vecinos somos ese 1 que SI vamos a VOTAR por @XochitlGalvez , porque estamos hartos del narcopresidente.",1,,,
Tu serás la primera presidenta de MEXICO Yo soy @Xochitl2024,1,,,
"Sueño que no vas a llegar a ser presidenta, nk te ilusiones, pinche adefesio.",0,,,
Vergüenza mundial que la próxima presidenta tuviera una hermana secuestradora,0,,,
Yo quiero a Xóchitl Gálvez como presidenta 2024. #XochitlVa,0,,,
"Y solo sucederá en tus sueños, nunca serás presidenta. Eres una hipócrita, corrupta y ridícula ",0,,,
Seguirás soñando porque no serás presidenta de México,0,,,
"XochitlGalvez con mi más profundo respeto y admiración por ud, mi próxima presidenta, como mexicana creo que solo deben desfilar NUESTROS representantes defensores de la soberanía nacional. Es una fiesta MEXICANA, digo esto con todo respeto.",1,,,
Jajaja vieja corrupta ladrona y ridícula que bueno que usted no será presidenta de México,0,,,
"Querida Xóchitl, es un desfile nacional, no queremos una copia de MALO en sentido contrario, vas a ganar con mejores propuestas, con ideas nuevas, queremos unidad, crecimiento, vacunas, medicinas, seguridad, basta de demagogia.",1,,,
"1ro tienes que ganar la presidencia y lo dudo mucho y aquí vemos el vivo ejemplo que la señora botagga es una racista, invitar a ucrania un país racista esto es lo que representa esta estúpida aquí la pregunta, aceptará la invitación de una indígena vende gelatinas? Lo dudo",0,,,
"XochitlGalvez con mi más profundo respeto y admiración por ud, mi próxima presidenta, como mexicana creo que solo deben desfilar NUESTROS representantes defensores de la soberanía nacional. Es una fiesta MEXICANA, digo esto con todo respeto.",1,,,
Xóchitl Presidenta : mi casa es tú casa .,1,,,
XOCHITL GÁLVEZ FUTURA PRESIDENTA DE MI MÉXICO LINDO Y QUERIDO,1,,,
Hermosa mi próxima presidenta de México!!,1,,,
Futura presidenta 2024 Xóchitl ,1,,,
"Es lógico que un sector le abra las puertas, pero no le alcanzará para llegar a ser presidenta. La mayoría ya conoce a tu indígena que por cierto no sabe hablar dialecto jaja Jajaja",0,,,
"Estás pendeja, ni en tus mejores sueños vas a llegar a ser PRESIDENTA JAJAJAJAJAJAJA",0,,,
"Señora! No le da vergüenza colgarse de la gente más vulnerable. Recuerde que no es presidenta y no lo será. Yo no por una mitomana e hipócrita como usted. No, gracias! Usted cree que porque habla con groserías y se viste con supuestos huipiles carisimos. No se equivoqué!",0,,,
"ya deja de hacerle a la p3ndeja, no vas a ser presidenta, eres una corrupta de barrio",0,,,
"Ridícula. Como si fuera el primer sexenio en el que desfilan otros escoltas de otros países. Ves como si estas bien....ndeja, y así quieres ser presidenta, no mi gelatinera, no.",0,,,
Orgullosos de tener a la mejor PRESIDENTA XOCHITL GALVES,1,,,
"Que tipa TAN ignorante. Sin duda nunca serás presidenta, ni siquiera de un país como México. Prueba suerte allá en un país de África.",0,,,
"sta señora Xochilt nunca será presidenta de México, no le llega ni a los talones a la Dra. CLAUDIA SHEINBAUM, porque ella sí está preparada. Así que se quedarán con las ganas que Xochilt gane las elecciones 2024.",0,,,
"Xóchitl presidenta 2024, mujer valiente e inteligente.",1,,,
Qué bueno que no serás presidenta jajajaja,0,,,
"XochitlGalvez En Ciudad Obregón, Sonora está tu casa, está a tu órdenes, serás muy bien recibida !",1,,,
Ni en tus sueño seras Presidenta serias una verguenza para Mexico.,0,,,
"Xóchitl cuando vengas a Campeche yo te recibo en mi casa, no te sigo desde el día que tocaste la puerta de palacio, te he observado desde que empezó el sexenio, he visto tus denuncias y lo tenaz que has sido. Te admiro y me da mucha alegría. Tú serás nuestra Presidenta ",1,,,
"XochitlGalvez, mi querida Xóchil, te pido que impulses una campaña para que todos los que vamos a votar por ti, chequeemos que nuestra credencial de elector está vigente para el día de las votaciones. Saludos.",1,,,
"Yo no soy político ni pertenezco a ningún partido, pero me comprometo a convencer a 10 personas de votar en favor de @XochitlGalvez. ¡Vamos a ganar!",1,,,
No nos dejemos vencer por el favoritismo de los medios y los políticos. @XochitlGalvez será la presidenta.,1,,,
 Mi familia y yo vamos a votar por @XochitlGalvez. Queremos un gobierno que se ponga del lado del bienestar animal.,1,,,
"XochitlGalvez, te pido que trabajes por la igualdad de género y la justicia social. México necesita un cambio.",1,,,
"XochitlGalvez, eres la única candidata que puede llevar a México a un futuro mejor. ¡Vamos a ganar!",1,,,
"XochitlVa, porque México merece un gobierno honesto y eficiente.",1,,,
"Apoyemos a @XochitlGalvez, la candidata que representa los valores de la libertad y la democracia.",1,,,
"XochitlGalvez, eres la esperanza de un México mejor.",1,,,
"XochitlPresidente, porque México necesita un cambio.",1,,,
"Pues ahí se quedará , en el sueño porque México ya no recibe cascajo.",0,,,
"""Hagamos historia juntos, salgamos a votar por @XochitlGalvez y demos un paso hacia un México mejor. ¡Juntos podemos lograrlo!  #XochitlParaPresidenta""",1,,,
"""La fuerza de un país está en su gente. Apoyemos a @XochitlGalvez para que llegue con todo a la campaña presidencial. ¡Cada voto cuenta! 🇲🇽 #XochitlPresidenta2024""",1,,,
"""Amigos, familia, vecinos, todos a votar por @XochitlGalvez. Juntos podemos vencer el abstencionismo y llevar a la Senadora a la Presidencia.  #VotaXochitl""",1,,,
"""La esperanza de un México mejor está en cada uno de nosotros. Yo ya tengo claro mi voto por @XochitlGalvez. ¡Únete y hagamos el cambio juntos! 🇲🇽 #XochitlParaPresidenta""",1,,,
"""No perdamos la oportunidad de elegir a una líder comprometida con el país. Vamos por el cambio, votemos por @XochitlGalvez.#XochitlGalvezPresidenta2024""",1,,,
"""Cada voto cuenta, cada voz importa. Apoyemos a @XochitlGalvez para que llegue fuerte a la contienda presidencial. ¡Juntos somos imparables! #VotoXochitl""",1,,,
"""Con @XochitlGalvez tenemos la oportunidad de construir un México más fuerte y unido. Mi voto es para ella, y el tuyo también puede serlo. ¡Únete a esta causa! 🇲🇽 #XochitlParaPresidenta""",1,,,
"""En tu casa, en la mía y en cada rincón del país, el apoyo a @XochitlGalvez es fuerte. Juntos vamos a llevarla a la Presidencia. ¡No estamos solos en esto!  #XochitlPresidenta2024""",1,,,
"""Desde mi corazón, te digo @XochitlGalvez, tienes mi voto y el de mi familia. Vamos a hacer historia juntos. #XochitlGalvezPresidenta2024""",1,,,
"""Hoy es el día, amigos. Votemos por el cambio, votemos por @XochitlGalvez. Ella representa la esperanza de un México mejor. ¡Tú también puedes ser parte de este movimiento! #VotaXochitl""",1,,,
"Cómo te arde!!. perdedora ,!!asta yo sé que vas a perder !!.. jamás ganarás ya ni tan siquiera una alcaldía ....muchisiiiimo menos la presidencia ,ni yo que me siento el hombre más insensato del mundo ,pensaría que vas a ganar la presidencia ,no podrás ni malinformando al pueblo.",0,,,
por boca de un miembro de tu partido dijo que no eres de su agrado pero que contigo verán que curules alcanzan por lo que ellos y tú saben que no ganarás adiós cochixochitl,0,,,
"Si robaste siendo delegada, robaras si llegaras a la silla, Afortunadamente México despertó y no ganarás los únicos votos que obtendrás era de la poca oposición descerebrada",0,,,
"Y tú por qué haces campaña cuando no te corresponde , solo trabajas para tus intereses propios, te cuelgas para criticar y atacar al presidente, date cuenta que un presidente tan querido , si lo atacas PIERDES , botarga corrupta ,nunca ganarás jajaja",0,,,
"Hagas lo que hagas no ganarás cogupta, no puedes hablar bien con esa dentadura, menos sabrás gobernar nada.",0,,,
"Pues te quedarás con n las ganas de estar en palacio nacional dando el grito, afortunadamente no ganarás será la Dra Claudia quien ocupará ese recinto cada 15 de septiembre durante los siguientes seis años.",0,,,
LA ESPERANZA DE COMO LOS VAS A CHINGAR SI GANAS PERO TR VAS A QUEDAR COMIENDO MIERDA POR QUE NO GANARÁS NUNCA NO QUEREMOS MÁS RATAS NI FIFIS MI AVIADORES NI VIVIDORES DEL GOBIERNO NI PERIODISTAS VENDIDOS NI GENTE OLIGARCA Y PENDEJA MO MÁS PRIAN PRD,0,,,
"COCHIL GALVEZ, RATA ASQUEROSA, NO GANARAS SOLO HACES CUIRCO ENADA POR TUS PATRONES RATOTAS IGUAL QUE TU",0,,,
"No tienes calidad moral, gelatinosa candidata de la oligarquía. Eres el hazme reír, jamás ganarás. Corrupta",0,,,
Cochill ya ríndete no ganarás entiendes entiendes no ganarás,0,,,
"Por más vuelo que le des no ganarás más simpatías, estás en el límite de las preferencias",0,,,
No te victimíces sólo demuestra mentira y con es ganarás votos además de limpiar tu sucia imagen.,0,,,
Relajate perdedora....no hagas drama pues ni así ganarás la presidencia.,0,,,
"Qué asco, la Botarga. No ganarás la elección, eres un títere de Claudio Xoconoztle González",0,,,
"no te engañes, no ganarás",0,,,
"Ya wey , no te darán ni madres y no ganarás",0,,,
Jaja hagas lo que hagas no ganarás,0,,,
"Estas usando al senado para promocionarte , jamás jamás ganarás, esa gelatina no cuajo ,",0,,,
"Ya ven ahora escribe y la caga antes era abría la boca y la caga ahora hasta en la escritura esta es la que quiere ser presidenta no seria una desgracia para el país, si crees que con estupideces ganarás no lo creo",0,,,
"Pues yo soy ciudadano y apoyo a @XochitlGalvez,",1,,,
"XochitlGalvez yo te apoyo, confío en tu trabajo para lograr un cambio pero antes que soñar en desfiles e invitados yo soñaría con devolverle a México la paz, la tranquilidad, la educación, la salud, la grandeza como país, el protagonismo ante el mundo, ante todo LAS PRIORIDADES",1,,,
Igualmente para ti y tu familia. Que dios te colme de bendiciones. Cuenta con mi apoyo y mi voto.,1,,,
Te brindo mi mano y poca cabeza como apoyo!!!!,1,,,
"""Hagamos historia juntos, salgamos a votar por @XochitlGalvez y demos un paso hacia un México mejor. Juntos podemos lograrlo! #XochitlParaPresidenta""",1,,,
"""La fuerza de un país está en su gente. Apoyemos a @XochitlGalvez para que llegue con todo a la campaña presidencial. Cada voto cuenta! #XochitlPresidenta2024""",1,,,
"""Amigos, familia, vecinos, todos a votar por @XochitlGalvez. Juntos podemos vencer el abstencionismo y llevar a la Senadora a la Presidencia. #VotaXochitl""",1,,,
"""La esperanza de un México mejor está en cada uno de nosotros. Yo ya tengo claro mi voto por @XochitlGalvez. Únete y hagamos el cambio juntos! #XochitlParaPresidenta""",1,,,
"""No perdamos la oportunidad de elegir a una líder comprometida con el país. Vamos por el cambio, votemos por @XochitlGalvez. #XochitlGalvezPresidenta2024""",1,,,
"""Cada voto cuenta, cada voz importa. Apoyemos a @XochitlGalvez para que llegue fuerte a la contienda presidencial. Juntos somos imparables! #VotoXochitl""",1,,,
"""Con @XochitlGalvez tenemos la oportunidad de construir un México más fuerte y unido. Mi voto es para ella, y el tuyo también puede serlo. Únete a esta causa! #XochitlParaPresidenta""",1,,,
"""En tu casa, en la mía y en cada rincón del país, el apoyo a @XochitlGalvez es fuerte. Juntos vamos a llevarla a la Presidencia. No estamos solos en esto! #XochitlPresidenta2024""",1,,,
"""Toda mi familia es católica y apoyamos a Xóchitl.""",1,,,
"""No estás sola, millones de apoyamos, vamos con todo""",1,,,
"""La confianza en @XochitlGalvez es firme en mi hogar. Juntos, vamos a llevarla a la Presidencia y construir un México más fuerte. #XochitlParaPresidenta""",1,,,
"""No importa la hora, no importa el lugar, lo importante es votar por el cambio. Mi voto es para @XochitlGalvez, ¿y el tuyo? #XochitlGalvezPresidenta2024""",1,,,
"""Hoy no es un día cualquiera, es el día de elegir el futuro de nuestro país. Vota con conciencia, vota por @XochitlGalvez. #VotoXochitl""",1,,,
"""Cada voto por @XochitlGalvez es un paso hacia adelante. Hagamos juntos la diferencia en estas elecciones. #XochitlPresidenta2024""",1,,,
"""En mi casa, en mi barrio, en mi ciudad, todos hablan de @XochitlGalvez. El apoyo es contundente y vamos por más. Únete a esta causa! #XochitlParaPresidenta""",1,,,
"""Amig@s, vecin@s, compatriotas, hoy es el día de hacer oír nuestra voz. Votemos por @XochitlGalvez y cambiemos el rumbo de México. #XochitlGalvezPresidenta2024""",1,,,
"""Con @XochitlGalvez encontramos la esperanza y la determinación para un México mejor. Mi voto está claro, ¿y el tuyo? #VotoXochitl""",1,,,
"""Hoy decidimos el rumbo de nuestro país. Votemos por @XochitlGalvez y marquemos la diferencia. Ella es la candidata de la gente. #XochitlParaPresidenta""",1,,,
"""El apoyo a @XochitlGalvez es una muestra de la esperanza de un México mejor. Hagamos historia juntos. #XochitlGalvezPresidenta2024""",1,,,
"""No hay mejor momento para ser parte del cambio. Votemos por @XochitlGalvez y demos un paso hacia adelante. #VotoXochitl""",1,,,
Cálmate Cogupta esas mentiras ni tu te las crees juasss,0,,,
Eres una #Cogupta El pueblo de México no te quiere,0,,,
"Que va a donar la cogupta y vividora de la botagga de @XochitlGalvez , ella se dona a si misma nada más",0,,,
"lo que verdaderamente dijo, que va contra el súper peso, es que va por devaluaciones, crisis económicas, problemas bursátiles, endeudamientos, destruir la economía mexicana. Por eso que se vayan mucho a ladrarle a su mdre.",0,,,
No se de que hablas botaga Cogupta,0,,,
"Que desagradable ha de ser, sentarse a la mesa con la cogupta sin tema de conversación , más que intercambio de albures y soportar su estupida risa para ocultar su ignorancia.",0,,,
"Cuando vengas a Puebla, ni se te ocurra llegar por mi zona, no te la vas a acabar con las verdades que te sacaremos a la luz Aquí no tienes bots payasos que te ""ofrezcan su casa"" #Cogupta #BotargaCorruptaX",0,,,
"Ni loco pisará mi casa una señora #Cogupta y mentirosa como #chochilfraudes la #OposicionMasPendejaQueHaExistido no sabe que hacer para engañarte de nuevo, no lo permitas...!!!",0,,,
Atentamente la #Cogupta #chochil,0,,,
"Entiendo que la xenofobia no gobierna ni manda en México.Ah y que @XochitlGalvez es una #Cogupta, que la única bandera que va a poder izar será la de la rendición.Van a tener que vivir muchos corajes de aquí al 2030.",0,,,
Con trabajo duro construyen casa rojas ilegales. Y se amparan para que no se divulgue la corrupción.. cogupta,0,,,
Qué bueno que no serás presidenta jajajaja,0,,,
"Hasta para eso eres mitomana, y revoltosa @XochitlGalvez por qué ahí estuvo el presidente de la cámara de diputados, presidente de la cámara de senadores y presidente del poder judicial, no cabe duda que eres peor que la película ""LOS LAVADEROS"", YA TE DIJE JAMAS SERAS PRESIDENTA",0,,,
Seguirás soñando porque no serás presidenta de México,0,,,
Traidora y ridícula hagas lo que hagas no serás presidenta.,0,,,
"Cogupta deja tus simulaciones y mentiras no donaste la casa, nos dijiste huevones dos veces, les dijiste tontos a los hermanos de oaxaca, quieres privatizar penex, cfe nunca serás presidenta jamás de eso nos encargamos en 2024",0,,,
"No botarga, tú no estarás en Palacio Nacional ni mucho menos serás presidenta de Méxic",0,,,
No serás presidenta! Entiende de una vez,0,,,
Ridícula cada vez a la baja no serás Presidenta si alguendera mejor aclara tu actos de corrupción.,0,,,
#Cogupta y rata choncha no serás presidenta ni por qué biden te de la bendición,0,,,
@ryo_hermoso @XochitlGalvez Imposible...que llegue a presidenta..CORRUPTAS NO QUIERE EL PUEBLO DE MEXICO..ademas son minoria y seguiran siendo MINORIA..aca nosotros somos mas de 90  millones y apoyamos a MORENA y LAS RATAS CORRUPTAS DEL PASADO JAMAS REGRESARAN oiste chochitl..,0,,,
"@XochitlGalvez Cosa que en mas de 80 anos los PRIAN no lo hicieron y jamas lo haran horita ahi andan enganando gente, pero agarran el poder y se olvidan de todo el pueblo y se van por los vienes y dinero del pais,mas claro ni el agua",0,,,
"@XochitlGalvez Lo dices bien, Una Empresaria o Empresario siempre pensara en la manera de hacer negocios, pero jamas en el bienestar del pueblo; serias igual o peor al Remedo de Fabiruchis que tenemos en Zapopan, Jalisco. @JuanJoseFrangie",0,,,
@XochitlGalvez Pues ustedes en 12 anos casi nos dejan sin pais o ya se le olvido? Simplemente usted y sus complices panistas jamas volveran a robarse el dinero ciudadano y las riquezas de Mexico...,0,,,
"@DonPorfifirio @XochitlGalvez @edelamadrid @MElenaPerezJaen @SantiagoCreelM @ildefonsogv Jajaja jajaja jajaja nunca pero nunca jamas ganaran. Les faltan huevos, candidato, proyecto, propuestas...",0,,,
@XochitlGalvez Inepta mediocre. Jamas ganaras,0,,,
"@XochitlGalvez Jajaja jajaja jajaja jajaja. Que estupidez dice esta senora. Calderon realmente robo, construyendo una barda de una refineria, que por cierto, usted dijo que inauguraria. Los Mexicanos no somos estupidos senora, yo jamas pero jamas, votaria por usted. Punto.",0,,,
@XochitlGalvez Sinverguenza corrupta nunca seras la presidenta de este pais nunca jamas,0,,,
"@kenialopezr @SantiagoCreelM @XochitlGalvez Jajajaja no puede ser jajajaja la  para la CDMX, jamas ha ganado un solo voto y quieres que gane la CDMX? Eso es no tener  https://t.co/4l00r2EoBQ",0,,,
"La neta jamas en la vida votaria por un ser tan despreciable @XochitlGalvez, pero parece que es la unica posibilidad de sacar a Morena, es un mal un poco menos peor",0,,,
"@XochitlGalvez Para ti y tus amigos  darselo? Para eso ? Noo,el pueblo ya desperto y no queremos mas ratas como tu y tus amigos ,jamas seras  presidente de mexico ",0,,,
"@XochitlGalvez Sigue Aspirando,  DESINFLADA INDIGENA, JAMAS LLEGARAN  A GOBERNAR ESTE PAIS. LOS TRAIDORES PRIANISTAS. Nunca volveran. Punto",0,,,
"@abdulachik @XochitlGalvez Ni lo suenes, esa #BotargaCorruptaX jamas sera Presidenta de Mexico",0,,,
@XochitlGalvez Habla bien bonito la hammster dientes chuecos y promete algo que jamas cumplira https://t.co/f8CLuRixXs,0,,,
"@XochitlGalvez @IndEmbMexico Por eso los vamos a desaparecer a ti y a tu bola de ratas corruptas, ya no volveran al poder jamas la 4T seguira.",0,,,
"@XochitlGalvez @SelvameMX Lo bueno que en monterrey, guadalajara,cdmx jamas se tocaria ni se ha alterado ningun ecosistema a cambio de algunas empresas extranjeras como coca cola, extraccion de minerales, cuencas , lagos y rios privatizadas por cerveceras y refresqueras, o un aeropuerto en un lago.",0,,,
@XochitlGalvez @SCJN Verguenza deberia de darles por eso JAMAS volveran al poder,0,,,
"@ryo_hermoso @XochitlGalvez La Dinosauria y vividora con trafico de influencia jamas sera presidenta, ya se van a revisar sus contratos con el @INAImexico  y los otros se le va a caer el teatro de las gelatina. Jejeje",0,,,
@XochitlGalvez @Xochitl__Va Jamas va ser presidenta de Mexico jajajajajaj,0,,,
@XochitlGalvez La botarga Xochitl Galvez y la dinosaurio Beatriz Paredes por cual irle a ninguna estas corruptas y saqueadoras y de partidos PRIAN corruptos ligados al narco vende patrias jamas llegaran a la presidencia,0,,,
"@XochitlGalvez No votaria por ti jamas, eres inepta, ridicula, falsa, mentirosa y Mexico entero tambien te odia",0,,,
"@RiosAnaMa @BeatrizParedes @XochitlGalvez @Claudiashein Dios quiera asi sera, pero si no lo fuera puedo ver un pais dirigido por @BeatrizParedes pero jamas uno dirigido por @XochitlGalvez",0,,,
"@XochitlGalvez Sra.usted y todos los de su partido el prian solos se estan hundiendo,olvidese de llegar a presidenta jamas lo dejaremos el pueblo de Mexico unido y despierto de la manipulacion que ejercian para hacer de sus robos a Mexico pero ya no",0,,,
@XochitlGalvez Entiende botarga jamas seras presidenta,0,,,
"@Xochitl2024 @PRDMexico Yo reuno mas gente en una carne asada en el patio de mi casa que todos los integrantes del @PRDMexico, Jesus Zambrano y los abajofirmantes... obvio, un gran logro para alguien que jamas a ganado un voto popular, como @XochitlGalvez y el sr. x.",0,,,
@LaChiquisYareli @XochitlGalvez Jamas los dejaremos volver a esos,0,,,
@XochitlGalvez @IndEmbMexico Pudrete jelatinosa de jelatinas yenas de corucion rebueltas con ratas tragatelas para que te pongas mas jelatinosa y podrida de lo que estas vieja bulgar injeniera de las matematicas estas muy hojona pa paloma jamas seras presidenta jamas rata alcolica bulgar paraablarlindajoyita,0,,,
@XochitlGalvez @IndEmbMexico Pues de reversa jamas con el Prian #VotoMasivoPorMorena2024,0,,,
@XochitlGalvez Jamas seras Presidenta de nuestro Pais. Corrupta.,0,,,
"@XochitlGalvez @SCJN Ya es publicos tus contratos al cobijo del poder , jamas ganaras xochitl,  eso te lo garantiza el pueblo",0,,,
"@XochitlGalvez TE VA CHINGAR BEATRIZ PAREDES. TIENE MAS CARRERA POLITICA QUE TU. TU SOLO HAS SIDO UNA MISERABLE PLURI. Y LO QUE TE ESTAN CONSTRUYENDO ES ARTIFICIAL, JAMAS TENDRAS EL APOYO DEL PUEBLO. TU SUENO GUAJIRO, NO CUAJARA, COMO LA FABULA, DE LA NINA, QUE VENDIA 600 GELATINAS. CORRUPTA. https://t.co/N3vnrIz5JN",0,,,
@MarkoCortes @AccionNacional @SantiagoCreelM @XochitlGalvez Pobre enejo del creel..! Lo mandaron a la china da..! Los que aun se sienten duenos de Mexico..! Jamas sera presidenciable..! Viva la 4T..!,0,,,
@XochitlGalvez En esos espacios privados JAMAS vas a escuchar las necesidades de los mas necesitados. Ridicula.,0,,,
"@julioastillero No solo trabajaban mas de 10 horas, tambien sufrian explotacion laboral, en el sexenio de @VicenteFoxQue  cuando @XochitlGalvez  fu funcionaria de pueblos indigenas, jamas dijo una sola palabra de ello, asi son los PRIANISTAS unos hipocritas.",0,,,
@XochitlGalvez NUNCA JAMAS,0,,,
"@lumendoz @XochitlGalvez Tengo memoria sentido comun, jamas apoyaria a esa corrupta ademas de bruta",0,,,
"@XochitlGalvez Ahora resulta que la Sra Xochitl es conocedora de todas las zonas de extrema pobreza en Mexico, esa ni usted se la cree, y jamas votaria por una corrupta del grupo del prianrdmc",0,,,
@ryo_hermoso @XochitlGalvez Jamas votaria por esa mujer,0,,,
"@AngMariscal4T @XochitlGalvez Tecnocratas o tecnoratas que afectaron a nuestro pais despojaron a generaciones de mexicanos ,@Xochitl2024  la corrupta @XochitlGalvez  nunca sera Presidente jamas  lo permitiremos",0,,,
@XochitlGalvez Si con una Alcaldia te robaste millones... no quiero ni pensar en cuanto te robarias en la Presidencia!!! No gracias!!! Nunca jamas !!,0,,,
"@ryo_hermoso @XochitlGalvez Jajajaja el escaso analisis politico te hace omitir que el 16% de Adan, el 10% de Marcelo y el 10% de Norona JAMAS se sumarian a la botarga y si se van a sumar a Claudia por lo que los van a barrer por mas de 20% jajaja",0,,,
@ryo_hermoso @XochitlGalvez Esa zopilota de la x0ch17l nunca sera presidenta jamas,0,,,
@JJDiazMachuca @XochitlGalvez Pues que voten por ella ! Pepe realmente crees que la gente que no quiere a Morena va a votar por ellos independientemente si Alfaro se sube a la coalicion o perdona a Dante ! Igual la bronca seria en lo estatal pero en lo federal no votarian por Morena jamas !,0,,,
"@XovenesXingones @XochitlGalvez Los invito a que vengan a mi comunidad y vean como los seguidores del PAN vienen y chantajean a las personas diciendo que esos apoyos son del PAN y si no votan por ellos se los quitaran, pero, como siempre, de los que viven en comunidades jamas los escuchan",0,,,
@XochitlGalvez @IndEmbMexico Si que tu te vayas con tu familia a jupiter y te vuelvamis a ver jamas aya puedes verder tus gelatinas de la muerte vieja ahuevonada mantenida,0,,,
"@XochitlGalvez Solo sus eventos en lugares cerrados!!!! Asi cualquiera, entiendan jamas van a regresar al poder voto masivo a MORENA!!!",0,,,
"@XochitlGalvez Suenos son los que tienes, jamas vas a ser presidenta, asquerosa COCHIL.",0,,,
"@XochitlGalvez Yo no sueno..con un cambio, se tiene que hacer pero se requiere voluntad y romper paradigmas es por eso que a Lopez Obrador se le tiene que hacer juicio politico para que pague todo el dano y que jamas se repita que un inutil llegue al poder.",0,,,
@lumendoz @XochitlGalvez Lambiscona....entiende tus bolsas y limosnas jamas regresaran merolica https://t.co/NFgJHBfeIY,0,,,
"@XochitlGalvez Si, sin limites, que podamos seguir saqueando el pais, pero ni en suenos, se les acabo, nunca jamas volveran como las golondrinas de Gustavo Adolfo Becquer.",0,,,
"@Claudiashein Doctora es usted una copia del presidente. En caso de asumir la presidencia usted seria un titere, un pelele. Jamas botaria por usted. Por eso ruego para que la elijan a usted en lugar de @m_ebrard y asi botar por @XochitlGalvez",0,,,
@AgaveMichi @XochitlGalvez Tu JAMAS te veras mal!!!!! Y que padre que pudiste ver a Xochitl y entregarle su regalo ,0,,,
@XochitlGalvez @SantiagoCreelM Yo jamas votare x una francesa,0,,,
"@XochitlGalvez Tengo minimo 35 anos escuchando las mismas mamadas de los politicos de kgada,como tu comprenderas. Del PAN,PRI PRD, MORENA, MC etc y todos jamas cumplen. Ya cambienle a su discursito apantallapndjos y digan que les vale madres la educacion en Mexico, hipocritas de ",0,,,
"@iortizv1 @XochitlGalvez Si como no!! Jajajaja, jajajaja, jamas! Que mediocres son todos ustedes!",0,,,
"@NSauln @XovenesXingones @XochitlGalvez Jamas lo comprenderas, mejor sigue haciendo lo tuyo. https://t.co/bpzxDPkMqw",0,,,
@XochitlGalvez Calmate Robin Hood. No imites lo que jamas haras de .,0,,,
"@XochitlGalvez Si, hablara cosas bonitas, pero jamas las llevara a cabo, como ya lo hacia el viejo PRI",0,,,
"@XochitlGalvez La senora hipocresia donde en sus estados panistas no entregaran los libros de texto gratuitos, lo bueno es que en Mexico ya estamos muy bien informados y estos corruptos jamas volveran al poder para danar a Mexico",0,,,
@XochitlGalvez Mi sueno es que nunca jamas regresen el PRI ni el PAN y menos el PRIAN,0,,,
@XochitlGalvez @SCJN Si hay algo q a marcado q este pais no avanze en seguridad es la SCJN . corrupta y es de 1mbesiles no darse cuenta de toda las injusticias ...solo ustedes se asen en su burbuja .....por cosas como estas es q jamas volvere a votar x lo q representas,0,,,
@JenniferCuriel9 @Francis21351207 @XochitlGalvez @BeatrizPRangel_ Jamas veria el debate de ese par de corruptas vende patrias.,0,,,
"@XochitlGalvez Es muy simple CAES MAL, ERES LA CANDIDATA MAS ANTIPATICA QUE A EXISTIDO, JAMAS VOTARIA POR ALGUIEN COMO TU !!!",0,,,
"@XochitlGalvez Ni la zona hotelera del Diamante negro, ni los complejos de Xcaret como Xplor, Xoximilco ni las granjas porcinas de Calica te importaron jamas, y la UNICA obra que va a beneficiar a la gente local te horroriza. Lo que te horroriza es que los pobres dejen de serlo, pseudoindigena",0,,,
"@XochitlGalvez No senora galvez, usted lo unico que tiene es la ambicion de seguir robandole al pueblo y no se lo permitiremos jamas. Nuestro sueno es verla en la carcel junto a sus familiares complices y le aseguro que es mas probable que se cumpla",0,,,
"@XochitlGalvez No se quien con un poco de cerebro  votaria por esta senora, yo jamas lo haria!!",0,,,
"@XochitlGalvez Senora le comento que el prianismo representa el rezago de Mexico no mas estafas maestras, no mas Fobaproa usted representa lo mas asqueroso de la corrupcion en la historia de Mexico nunca jamas salinas,Anaya,pena,fox,calderon por un pais sin chayote y podredumbre politica",0,,,
@doloressoledad9 @XochitlGalvez La corrupta Botarga jamas sera presidenta.Te lo aseguro.,0,,,
"@XochitlGalvez Pero solo vas a ganar la candidatura de la opocision eso el pueblo ya lo sabe, lo que tambien vas a ganar son millones de mentadas de mmmaadre pero la presidencia jamas",0,,,
"@LOVREGA ?Por que jamas votarias ppr @AccionNacional? ?Por que si votarias ppr @XochitlGalvez? @XochitlGalvez la corrupta mujer que desde su cargo se enriquecio de contratos con trafico de Influencias en tanto ostentaba el cargo de Alcaldesa, al final apoyas a un grupo de ladrones",0,,,
"@XochitlGalvez yo tambien sueno con un Mexico asi, por eso jamas voraria por la botarga que repetesenas",0,,,
@XochitlGalvez Nomas anda reciclando las mismas promesas que nos ha vendido por anos la ahora oposicion y que JAMAS han intentado resolver o apoyar una vez ganado el hueso.,0,,,
"@XochitlGalvez La verdad das pena ,,, jamas hablaste de la corrupcion pripan,, y ahora que el presidente les ensena como gobernar,, jamas dicen nada de los logros del el mejor gobierno de Mexico",0,,,
"@RobertoMadrazo_ @SantiagoCreelM @XochitlGalvez @BeatrizParedes ERES UN CORRUPTAZOOOO YA NADIE LOS QUIERE Y EN EL 24 VAN A RECIBIR LO QUE SE MERECEN EN LAS URNAS, YA FALTA POCO!!!! UDS JAMAS VAN A REGRESAR!",0,,,
"@XochitlGalvez Se escucha muy hipocrita el comentario de Xochilt , si cuando estuvo como funcionaria con Fox y cuando fue alcaldesa en la Miguel Hidalgo jamas hizo nada bueno .  Solo se dedico a hacer negocios para sus empresas y su familia .",0,,,
"@XochitlGalvez tus suenos para nosotros son pesadillas , jamas regresaran al gobierno, tienes el alma podrida .",0,,,
@MarkoCortes @XochitlGalvez  ya lo ordeno el patron verdad ratotas los PRIANISTAS no regresan jamas  https://t.co/RFX1y4cWzF,0,,,
"No es racismo el de Xochitl Galvez Ruiz @XochitlGalvez, es simplemente odio enorme y genuino a todo lo mexicano camuflageada en un huipil, como todo lo que proviene de la oposicion. Gente ruin, miserable, falaz y mezquina. !!!NO REGRESARAN!!! !!!JAMAS!!!",0,,,
"@Milenio @XochitlGalvez Ni aunque se aleje, arbol torcido jamas su tronco endereza, que se vete de la politica eso si deberia de hacer esta cucaracha corrupta, ya esta super quemada.",0,,,
"@XochitlGalvez Si asi es pero en tu planeta,te quedaste impuesta a robar a manos llenas, pero nunca mas ( ya no lo veras en el resto de tu perra vida, jamas )",0,,,
@XochitlGalvez Alcabo prometer no empobrece verdad? Representas a la elite que por decadas mintio y cada sexenio engano a los Mexicanos por eso JAMAS regresaran al poder.,0,,,
"@XochitlGalvez Dios me libre d ser lacr4, yo si conosco la esencia, el honor, y jamas trafico d influencias, para hacerme d lana, pa k quieres dinero k ya ni puedes disfrutar, estas mal y andas mal,",0,,,
"@XochitlGalvez Tu eres la destruccion de pacotilla ,inepta,lepera ,alburera ,jamas seras presidente nunca ,no lo permitiremos 50 millones  de mexicanos",0,,,
"@XochitlGalvez Xochitl del PRIAN corrupto ese discurso y mas, nos recetaron 36 anos, y jamas nos cumplieron, al contrario, abandonaron al pueblo y heredaron 60 millones de pobres y endeudaron al pais, mientras la crearon una oligarquia politica multimillonaria.",0,,,
"@XochitlGalvez Ese es lo que eres Cochitl , solo eso , un efimero sueno del que jamas despertaras, te usaron solamente.",0,,,
"@XochitlGalvez Frente amplio engano  a sus votantes, que borregos,ya estaba decidido, el pan votara por su candidato jamas por el PRI.",0,,,
@atorrelemus @bebe_langostino @XochitlGalvez @SantiagoCreelM De acuerdo contigo no puede uno distraerse en lo horrible fisicamente que sea Xochitl pasa a ultimo plano sus dientes feos su cara fea su cuerpo feo su voz fea eso no debe de interesarnos que te la topes en la noche y mueras de miedo eso jamas debe importar chin ya me perdi.,0,,,
"@MarkoCortes @XochitlGalvez Jajaja, cuanta hipocresia de estos  corruptos, si Mexico fue un dia de ustedes fue porque creiamos en ustedes, confiabamos en que hacian las cosas bien y nos traicionaron ahora jamas volveran a gobernar inches corruptos.",0,,,
@XochitlGalvez Jamas votaria por ti Botarga Ridicula.,0,,,
"@XochitlGalvez no botarga no te equivoques ,nuestro sueno es que no regrese el PRIAN, Y TU SUENO ES  REGRESARLE LOS PRIVILEGIOS A LOS OLIGARCAS,ASI COMO ASIGNARLE  CONTRATOS MILLONARIOS A TUS EMPRESAS. PERO NO REGRESARAN JAMAS Y MENOS CONTIGO.",0,,,
"@caali65 @XochitlGalvez Tontamente aceptas que es un devastacion y una devastacion jamas sera en favor de ningun pueblo, de ninguna persona.",0,,,
@XochitlGalvez Pues siga sonando porque JAMAS votarias por usted por INEPTA. Nos llevaria a la ruina. https://t.co/v4sbinrd1c,0,,,
@XochitlGalvez Chochitl estas retrasada mental o te haces bien pentonta ..ahi esta lo jamas hicieron tu narcopan y el PRI aunque odies la Pension para mayores un Tren Maya un Tren a Toluca AIFA Tulum Tren Maya Tren Transismico Dos Bocas otra en Texas recuperacion parcial CFE sin pension ratera,0,,,
"@jjVillegasS @ryo_hermoso @cabobarba @XochitlGalvez @BeatrizParedes Chaquetero si, pero chairo jamas, me ocupa que la persona que encabece la alianza opositora sea una persona con las capacidades para reconstruir el desmadre que dejara @lopezobrador_ y la senora Xochitl no es opcion",0,,,
@XochitlGalvez Cosa que jamas le preocupo a @AccionNacional cuando goberno dos sexenios ... No sea miserable y burlona !,0,,,
@XochitlGalvez Y muchos sonamos que que jamas regrese el PAN.,0,,,
@AngelNa03851722 @XochitlGalvez TE GARANTIZO QUE XOCHITL JAMAS SERA PRESIDENTA.,0,,,
"@caali65 @XochitlGalvez Oh que la cancion que la botarga no tiene cola que le pisen, es mas sus empresas las construyo vendiendo gelatinas y vendiendo el fundillo, pero que jamas fue dinero del erario.",0,,,
"@XochitlGalvez Cuanto te has preocupado por la naturaleza ridicula, jamas en la vida sino te interesa el pais cuanto mas unos arboles! Pobre!!!..",0,,,
"@XochitlGalvez De senadora ni el pueblo la eligio, ocupa un lugar que no quiere soltar por fuero y por ambicion, jamas sera presidenta por que ya los conocemos lo  ratas que son # niunvotomasalprian",0,,,
"@XochitlGalvez De senadora ni el pueblo la eligio, ocupa un lugar que no quiere soltar por fuero y por ambicion, jamas sera presidenta por que ya los conocemos lo  ratas que son # niunvotomasalprian",0,,,
@SantiagoCreelM @XochitlGalvez  nunca jamas seras presidente  no te queda mas que obedecer a tus patrones  https://t.co/TSG8R4Ftcg,0,,,
"@XochitlGalvez @SantiagoCreelM Y luego? Segun tu? Ya viste que El Presidente vio al sureste, donde tu indigena y supuesta vision jamas se vio.",0,,,
"@XochitlGalvez @SelvameMX Lo peor de todo y como politico del PAN y en campana ahora si hasta alla fue para su video, pero en su momento solo critico la construccion jamas vi que fuera en persona a ver todos estos tipos de ""irregularidades"" no mas simulacion sea seria.",0,,,
@lopezdoriga @XochitlGalvez Mientras la botarga vendia gelatinas. Para tragar. Su hermana es una delincuente secuestradora. Para empezar. Plan C en marcha para q lacras como estas jamas tengan un cargo publico.,0,,,
 Pues mi sueno es de que te castigen cerda por  y lo buelbo a decir jamas sera presidenta jamas eres una bulgar alcolica con tu tronpa de sapo que sale puro estiercol y estas p3nd3ja eres una rata  pudrete junto con tu familia cerda marrana puerca apestas gonorea,0,,,
"@AngMariscal4T @Claudiashein @XochitlGalvez Obviamente Claudia es Dra,con mucha educacion, jamas se vestiria d botarga ni se expresa vulgarmente, x q refleja su forma d pensar en su conducta",0,,,
@aracelibs @XochitlGalvez Jajajajja el peor??? Se les olvida que las elecciones se ganan con votos y ustedes jamas van a conseguir el numero de votos para ganar. Solo se quejan y faltan el respeto de la gente por su preferencia politica en lugar de convencer con propuestas nuevas,0,,,
"@XochitlGalvez Eres muy ignorante, no ligas 2 palabras sin tropesarte, Jamas votaria por El PRIAN",0,,,
"@MarkoCortes @SantiagoCreelM @AccionNacional @XochitlGalvez JAMAS REGRESARAN  ahora resulta q le tiene amor a Mexico si lo saquearon, robaron y devastaron fueron uds prianistas no se les  olvide, los mexicanos no OLVIDAMOS",0,,,
"@ryo_hermoso @XochitlGalvez @BeatrizParedes Ninguna  ni para donde hacerse, lo mejor es huir, y jamas regresar a Mexico  dejar que se hunda como el Titanic, ya no tiene remedio esto, la politica ya es puro populacho y chusma",0,,,
"@lissa_sanchez @FoqueTere @MarkoCortes @SantiagoCreelM @AccionNacional @XochitlGalvez @Claudiashein Contratos firmados (CORRUPCION PRIANISTA) por el IMSS , cuando @EPN estuvo en el poder!  Lo mejor que le ha pasado a Mexico. Fue sacar al  PAN, PRI  del poder. Ojala no regresen jamas!!!",0,,,
@Anruh3 @XochitlGalvez JAMAS dijo eso. Pero seguramente tu fuente son las mananeras del psicopata.,0,,,
"@XochitlGalvez Mientras mas mi3rda le tires al presidente, PEOR quedas tu. Yo NO quiero en mi pais a una mujer tan llena de rabia como tu. Y al final JAMAS seras presidenta! https://t.co/nlhINJU4JS",0,,,
"@XochitlGalvez ?Porque no vienes a ver LA BARDA que hizo el narco alcoholico de tu exjefe borolas? Esa barda fue una BURLA A CARCAJADAS de los guanajuatenses que sonaban con trabajar en esa refineria QUE JAMAS EXISTIO. De esa calana ERES TU. Te valen MADR3 el pueblo, MITOMANA.",0,,,
@revistapolemon @lopezobrador_ @XochitlGalvez Como les gusta hacerla de pedo.   Jamas menosprecio.  Dijo una verdad. Hablo de costumbres ya cultura.  Pinches mitoteros. Y les hablo a su nivel arrastrados.   No entienden.,0,,,
"@ElAmaDeCasa1 @Claudiashein @lopezobrador_ @XochitlGalvez QUE LIBERTAD TIENE LA BOTARGA DE XOCHILT GELATINAS SI LA CONTROLA EL CLAUDIO X, SOLO LA UTILIZAN PARA VOLVER A TENER SUS PRIVILEGIOS, EL VERDADERO PUEBLO JAMAS LE DARA EL VOTO A LOS PRIANISTAS CONSERVADORES NEOLIBERALES FASCISTAS VIVIDORES DEL PUEBLO",0,,,
@XochitlGalvez Ni en tus suenos mas humedos @XochitlGalvez al rato se baja la otra precandidata igual que el @SantiagoCreelM y dice lo mismo es una farsa que jamas les va a funcionar bola de corruptos y rateros,0,,,
"@XochitlGalvez Que pen... es esta senora,  jamas jamas ganara",0,,,
"@SantiagoCreelM El PAN, se arruino, primero por cederle el control a ClaudioX, sin ninguna experiencia politica, ni de los asuntos de gobierno, y jamas gano un cargo de eleccion popular, y segundo haber escogido a una corrupta como @XochitlGalvez de candidata.",0,,,
"@revistapolemon @SantiagoCreelM @XochitlGalvez , el detalle es q#Xochitl NO esta en posicion de ofrecerle nada a #CatalinoCreel ya q #Xochitl JAMAS sera presidente. O sea q #CatalinoCreel acaba d hacer el peor negocio de toda su vida.",0,,,
"@RasconLirat @erizo2012 @Miguel_Vale83 @XochitlGalvez La envidia no es buena oiga. Usted es la epitome de un chairo promedio. Resentida, envidiosa, incapaz de hacer algo por si sola. Por eso jamas se identificara con Xochitl. Una mujer trabajadora y si con Lopez, un huevon resentido. Usted es una verguenza para sus hijos.",0,,,
"@XochitlGalvez A ti lo que menos te interesa es la naturaleza, jamas abriste el hocico cuando devastaron la selva para poner hoteles, asi que ya callese senora,  Mexico y  los Mexicanos no te quieren, fuera lacra ",0,,,
"@pedroferriz3 @XochitlGalvez @Claudiashein Que asco de persona, jamas crei que fueras asi, ricos, pobres, campesinos, indigenas, ciudadanos etc...todos son mexicanos y todos tienen el mismo derecho de ser incluidos y derecho y obligacion nuestra es votar por quien se nos de la gana, criticas y no aportas, que decepcion!!!",0,,,
"@DryKnowledge @AERODITA @XochitlGalvez Jamas ha sido legal jubilarse de 3 empleos distintos. Que fuese una ""practica comun"" no lo hace legal. La corrupcion es una practica comun y jubilarse de tres empleos es eso, corrupcion.",0,,,
"@XochitlGalvez Que ridicula ahora resulta, algo que se logro por el bien de Mexico te parece devastador?? Algo que ustedes jamas hubieran hecho ni lo haran, todas las obras que dejaron inconclusas?? Que bueno que no vas a ganar ",0,,,
"@XochitlGalvez Jamas vi que dijera algo por el rio Sonora, jamas he visto que haya dicho algo por alguna carretera en algun otro estado, jamas he visto que siquiera le hecho una flor a los Mineros de pasta de Conchos, es usted una hipocrita...y se viste de la V.",0,,,
@XochitlGalvez Jamas votaria por una Ingeniera pendeja en matematicas,0,,,
"@XochitlGalvez @SantiagoCreelM Ya renunciaste a tu cargo? Quien paga tu campana? Aunque la mona se vestida de indigena,,,,, jamas ha ayudado en nada. Bueno solo usar Botargas,",0,,,
"@kenialopezr @SantiagoCreelM @XochitlGalvez Hay porfavor ustedes jamas construiran nada, si no lo hicieron gobiernos pasados menos si ustedes llegaran a ganar, pues lo que les urge es llenarse las bolsas de dinero,ya no saben como jalar recursos, hasta les vale estar con el narco, y mira como los han exibido",0,,,
"@SelvameMX @XochitlGalvez @TrenMayaMX Los demas se hacen pendejos, le lamen las patas a Lopez Obrador, jamas lo van a denunciar, ni siquiera a contradecir.",0,,,
"@XochitlGalvez  por q no hablas de esto? Tu, una payasa con aires de grandeza, jamas, lee muy bien, jamaasss seras Presidenta de este pais, representas lo q los mexicanos odiamos, eres la corrupcion en botarga #ClaudiaArrasa  #ClaudiaSheinbaumPresidenta",0,,,
"@XochitlGalvez Jamas realizaras un tren maya, es simple nunca seras presidente del pueblo. Con copia al @PelonGomis @ClaudioXGG @MariettoPonce  acefalosssss",0,,,
"@pedroferriz3 @XochitlGalvez @Claudiashein No, hay trabajo territorial, lo que el PAN jamas ha hacho. son unos huevones ... hasta el PRI trabaja mejor sin duda...",0,,,
@ryo_hermoso @XochitlGalvez Nooooo jamas!!!,0,,,
@Milenio @XochitlGalvez Ni m jamas contaran con votos todos somos morena,0,,,
@SoyMujer_4T @XochitlGalvez @BeatrizParedes Estas albondigas lo que son son las virreinas de la mentira del mundo  de nunca jamas,0,,,
"@lopezdoriga @SantiagoCreelM @XochitlGalvez Jajaja si de 3 no hacian uno, con dos valen para 2 cosas, para pura vrg y para mas vrg, por mas que chayoteas no avanzan, lastima extorsionador @lopezdoriga , mas anos sin chayote y jamas lo volveras a ver, asi que dile a la p.ta de tu extorsionadora esposa, que se acostumbre",0,,,
@MarkoCortes @SantiagoCreelM @AccionNacional @XochitlGalvez Les recuerdo que al igual que perdieron el Edo de Mexico..perderan el 24.  90 millones apoyamos a MORENA y LAS RATAS CORRUPTAS DEL PASADO JAMAS REGRESARAN,0,,,
"@ryo_hermoso @XochitlGalvez Jamas en la vida, si ella es su candidata seguro que tienen perdida las elecciones. Aun tienen tiempo de escoger a alguien competitivo.",0,,,
@XochitlGalvez Esta botarga corrupta ..ya se desinflo ademas 90 millones apoyamos a MORENA y a #AMLOLujoDePresidente y las ratas corruptas del pasado jamas regresaran,0,,,
@XochitlGalvez @SantiagoCreelM Pinches ladrones. JAMAS VOVERAN!,0,,,
"@XochitlGalvez Asi quieres que vote por ti, jamas, eres una enemiga de los pobres. Lo que Mexico necesita son obras que beneficien a todos y es falso que no se este cuidando el aspecto ambiental, lo que pretendes es que no se haga nada para no hacer ver mal a los delincuentes de Fox y Calderon.",0,,,
"@XochitlGalvez PORQ NO FUISTE A CALICA Y CENTRO RECREATIVO XEL- HA ,Q JAMAS ANDUVISTE DE PREGONERA AMBIENTALISTA, OPORTUNISTA, MARRULLERA , MITIMANA",0,,,
@SantiagoCreelM @XochitlGalvez El pluri  que jamas a ganado nada eres un asco  jajajaja,0,,,
"@XochitlGalvez @SantiagoCreelM Jamas votaria por ti, eres una TITERE",0,,,
"@pedroferriz3 @XochitlGalvez No entiendes que No entiendes, interpretas y ofendes, eso es muy bajo, incluso para alguien como tu, que ya es mucho decir, o sumas o restas, pero no es jamas lo que tu quieres, y dentro de todo, Xochitl me parece la mejor opcion el dia de hoy.",1,,,
"Como creen que @XochitlGalvez  pueda ganar, si jamas ha GOBERNADO un Estado, de PLURI no ha salido y cuando estuvo de delegada se hizo millonaria por mas de 1500MDP  azi no anlo",0,,,
"@SantiagoCreelM @XochitlGalvez Bla bla bla bla jajajajaaj par de  corruptos, entre gitanos no se leen las manos, jamas volveran a hacerle dano a este pais.",0,,,
"@pedroferriz3 @XochitlGalvez Xochitl no cordina bien, esto ya le paso con retirar las pensiones y regresarlas por temporada, jamas le va a caer el veinte lo de su candidatura, y asi va a estar en campana, solo chequen las incoherencias, ahora imaginenla presidenta, no MMS mejor no, saludos carnales",0,,,
@MarkoCortes @SantiagoCreelM @AccionNacional @XochitlGalvez Siempre princesa jamas reina =(,0,,,
"@azucenau @XochitlGalvez  Xochitl con todo el respeto que te mereces, ambos sabemos que el PRIAN jamas volvera al poder porque insistes en un guerra ya esta perdida? No luchen, #Mexico ya desperto!  #Jamas volveran a vernos la cara #VivaMexico",0,,,
"@XovenesXingones @XochitlGalvez Si el Pan jamas a apoyado a estos grupos , como una Cenadora del PAN tiene anos en ese partido , solo se pone una mascara mas.",0,,,
@XochitlGalvez @MarkoCortes @AccionNacional Los 40 millones de gente que estamos con AMLO jamas te apoyaremos Botarga.,0,,,
"@XochitlGalvez Mejor vete a banar y a hacer algo q valga la pena, no seras presidente jamas",0,,,
"me da verguenza estos politicos como Xochitl, Mexico Despierta y jamas apoyes esta campana mediatica que es mas que obvio que no es autentico, es una mentira en toda forma, por que la idea no es ganar, es obtener la mayor cantidad de votos para bloquear toda propuesta que salga para beneficio de los mas pobres",0,,,
"Ay no, mi voto era para usted o para @PartidoMorenaMx, pero para @XochitlGalvez jamas ",0,,,
@XochitlGalvez Con esa forma de pensar y detener el desarrollo del pais jamas votaria por ti .....Penca !,0,,,
"@Anonimusdurango @VampiFronterizo @XochitlGalvez @SantiagoCreelM @BeatrizParedes Nooooo, jamas trabajaria con izquierdistas",0,,,
@arqjauregui @XochitlGalvez Esa botarga jamas sera presidenta,0,,,
"@XochitlGalvez Callese el ocico y pongase ha hacer algo bueno , su partido o los q representa jamas hicieron nada y usted no sera la excepcion , solo busca joder , sabe cuantos hospitales dejaron a medias , escuelas , obras mal hechas , rasquele a los suyos y vera lo q se encuentra",0,,,
"@lopezdoriga @SantiagoCreelM @XochitlGalvez Este pendejo jamas a ganado un puesto por votacion, sabe que es un vividor e inutil",0,,,
"@XochitlGalvez Jamas en la historia alguien habia reunido tanta gente, la 4t esta temblando de miedo!",1,,,
"@Gral_Diaz_Mori @bereaguilarv @XochitlGalvez A #lopezperrodelnarco jamas le intereso la salud de los mexicanos, al contrario hace todo lo posible por joderlos, ahi estan las evidencias: las vacunas(de todo tipo) , la pandemia, el sistema de salud, los ninos con cancer, el gato genocida Gatell, etc, etc.",0,,,
"@Reforma @XochitlGalvez Esta senora es corrupta y quiere las instituciones a si favor  y las de sus amigos, jamas regresara la oposicion a la presidencia, bola de corruptos, rateros y vividores.",0,,,
"@lopezdoriga @SantiagoCreelM @XochitlGalvez SI PERO JAMAS LE GANARAN A MORENA, ES MAS PAQUE TE CUENTO!",0,,,
"@XochitlGalvez Mire mujer perversa eso que ves ahora se restablesera pero el dano que x anod ustedes todos desde anos jamas sera restablecido, esto que ves ahora es exito y dinero para el pais mismo eso si no vuelve a gente como tu;ratera",0,,,
@XochitlGalvez y los hoteles de tus amigos empresarios que estan encima de los cenotes y rios subterraneos que los han estado explotando por anos  jamas has dicho nada hipocrita miserable...,0,,,
"@LuzMari63234084 @lopezdoriga @SantiagoCreelM @XochitlGalvez Es en serio? No gracias. Es una politica inexperta, improvisada sin talento. Yo jamas votaria ni por XG ni por BP.",0,,,
"@kenialopezr @SantiagoCreelM @XochitlGalvez Ni en tus mas humedos suenos van a ganar la presidencia, entiendalo y acostumbrense. Ustedes jamas van a regresar ",0,,,
"@NachoRgz @XochitlGalvez @Claudiashein jamas podria cobrar porque alguien fuera a sus mitines, simplemente nadie iria, es tan aburrida. Por eso #XochitlPresidenta",1,,,
"@Capyuc @EmilioVallejoRL @XochitlGalvez @Claudiashein Exacto!!! Madre deberian tener, esta es la razon exacta por la cual jamas dejaremos que el prian vuelva a pisar la presidencia! Todos esos medios junto al prian, poder judicial USA, La CIA, son la escoria del Mundo",0,,,
"@XochitlGalvez Usted no es ambientalista, no mienta; a ustedes jamas les ha interesado el sur, ni su desarrollo. Tachan de ""huev0nes"" a la raza trabajadora del sur de Mexico. !Usted es una oportunista y mentirosa!",0,,,
@pedroferriz3 @XochitlGalvez Hay cierto personaje del sureste que jamas ha trabajado 8 hrs seguidas. Incluso no trabajo durante los ultimos 20 anos y vivio de las dadivas de sus borregos.,0,,,
"@XochitlGalvez Pues no se ha escuchado ese malestar ,Jamas votaria por usted ,que Esta en contra del progreso en el Sur ,jamas.",0,,,
"@jbarradasleon @nombre_33 @XochitlGalvez Si cumplira lo que promete, ya tendria que estar fuera de la contienda desde hace mucho, pero los prianistas se distinguen por mentir, bularse del pueblo y jamas cumplir nada, perderia escencia, dejaria de ser ella misma",0,,,
"@XochitlGalvez Deje de hacer el oso, usted jamas ganara unas elecciones, no es querida en el pais, cuando lo entenderan los PRIANISTAS .",0,,,
@ryo_hermoso @XochitlGalvez Jamas esta botarga inflada llegara  es racista. Clasista burlona desacredita y sobaja a los mexicanos se burla de la gente  y claro como vienen elecciones  ahora dice q si le importamos ..son enganos son mentiras .los prianista de eso viven  enganando a la gente de buena voluntad,0,,,
"@DiegoSaldanhaSa @XochitlGalvez Dijeran por ahi, ""SI YA LA CAGASTE, DE MENOS NO TE EMBARRES"" pero eso jamas lo entendera la botarga...   ",0,,,
@abrahamvanaya @XochitlGalvez @lopezobrador_ Claudia va a ganar el 2024. Jamas ganara Xochitl.,0,,,
@MarkoCortes @SantiagoCreelM @AccionNacional @XochitlGalvez Un Titere mas. Nunca existio su candidatura. Nunca sera nada si jamas ha estado sujeto a votacion. Farsantes.,0,,,
@ladimitrova @XochitlGalvez @Claudiashein Jamas una Judia,0,,,
"@Arouet_V @XochitlGalvez Con o sin los partidos de oposicion, la senora jamas ganara por otro lado Paredes sale mejor parada que ella aunque no sea la elegida por los verdaderos patrones de la alianza.",0,,,
@humberto9ful @sigimero @XochitlGalvez Jajajaaj deja de tener suenos chaqueteros pendejes jamas le encontraran ningun delito a AMLO por que solo es invento de los fachos,0,,,
@XochitlGalvez ?CUANTAS HORAS TRABAJO USTED EN EL SENADO?HABLO DE NO HACERSE PENDEJA POR QUE LA VERDAD SOLO SE LA PASABA SIENDO LA PAYASA DEL SENADO JUNTO CON LA LOCA DE @LillyTellez  Y LE CARA DE YEGUA DE @kenialopezr  JAMAS DIERON UN SOLO GOLPE POR QUE SUS ASESORES  HACEN SU TRABAJO,0,,,
"@Chescan4 a la #Pendeja de @XochitlGalvez sus enteros no le suman, pendejea q los indigenas quieren permanecer en la ignorancia... su destino es a la extinsion q muy #AdHoc se puso la #Botarga de #Dinosaurio... los panistas JAMAS deben volver por q (me pueden citar) estan #Disociados",0,,,
"@politicomx @XochitlGalvez Si hay algo que #Cochitl #Chochitl o #Mochitl no tiene es auto critica, jamas reconocera sus falsas palabras, sus mentiras con las que intenta tapar su ignorancia, su corrupcion y su servilismo a sus patrones, los que la llevan amarrada del pescuezo cual mascota amaestrada",0,,,
@ryo_hermoso @XochitlGalvez NUNCA JAMAS UNA BOTARGA,0,,,
"@XochitlGalvez @Xochitl2024 es una hipocrita, que cada vez que abre la boca es o para insultar o para d cir pndjadas. El voto del sureste jamas lo obtendras hipocrita mercenaria",0,,,
"@DonPorfifirio @XochitlGalvez @BeatrizParedes paredes es parte de tanto vegestorio que solo vive del erario, jamas han trabajado, los Monreal, los Norona, Sauri, Massieu, Batres, encinas y mas, son parte https://t.co/FH2OPN5FEx.porqueria de nuestra politica cara e improductiva",0,,,
"@XochitlGalvez Que miedo re van a andar teniendo mira tus videos sin gente sin apoyo real del pueblo, quizas seas la candidata mas inflada y sola que jamas se haya visto. https://t.co/8vvC9FNgPs",0,,,
"@XochitlGalvez Pero este gobierno mentiroso, jamas reconocera el tremendo dano que causo al ecosistema, defendieron un lago seco y mataron a una selva viva :(",0,,,
"@XochitlGalvez Te arde el * , jamas una como tu igualara una sola obra de tu padre AMLO",0,,,
@TabascoHOY @SantiagoCreelM @MarkoCortes @XochitlGalvez Jamas y nunca volveran al poder bola de rateros,0,,,
@raespi @abrahamvanaya @CiroGomezL @lopezobrador_ @XochitlGalvez @Claudiashein @m_ebrard @adan_augusto Jajaja esta vieja tan vulgar y pendeja para hablar jamas sera presidenta. https://t.co/fmMHbb2uua,0,,,
"Definitivamente aunque apoyaba a @edelamadrid  voy ahora por @XochitlGalvez JAMAS votaria por #beatrizparedes eso seria darle un gane seguro a las lacras de morena, y lo que necesita este pais es sacar a morena del gobierno!!!! Asi que #FueraMorena2024 #XochitlVa para ganar!!",1,,,
"@edelamadrid @XochitlGalvez Ni las manos metiste , que verguenza,  cochitl jamas ganara y lo sabes , se van estos partidos PRIANRD",0,,,
@XochitlGalvez Dividida por ustedes los panistas si dejaran que vo taran los que viven del otro LADO del Rio tu jamas tendrias oprtunidad de ser precidente de mexico,0,,,
@JJDiazMachuca @XochitlGalvez @MauricioCollado Reuniones de pacotilla la botarga ratera jamas ganara,0,,,
@XochitlGalvez Una hermana de secuestradora jamas sera presidente!,0,,,
,,,296,104
