Tweet,Clasificación
"No soporto a @Claudiashein, no voy a votar por ella, soy acerrima enemiga de la #4TdeCaca. Usar el termino ""Judia"" de manera despectiva es un error. La derretida es de origen judio PERO NO ES PRACTICANTE ni pertenece a la #ComunidadJudia",0
"Nadie esta contento con las marranadas que hizo MORENA, y personalmente NO pienso votar por Claudia...Pero de eso a sugerir que es peor que el PRIAN, ya me parece totalmente absurdo y burdo.Ninguno de los dos es bueno, mucho menos el PRIAN",0
Jamas volveria a votar por algun candidato de Morena y menos por @Claudiashein la titere de @lopezobrador_,0
"Claudia Sheinbaum @Claudiashein es una tramposa corrupta, no sera presidenta.",0
"Que poca carisma, pero eso lo perdonaria, es la incompetencia de @Claudiashein lo que me hara anular mi voto para el 2024",0
"Yo decidi anular mi voto en el 24, no me hare responsable de la incompetencia de @Claudiashein ademas de que su futuro fracaso ocasionara lo mismo que en Brasil, su incompetencia traera a la extrema derecha a este pais, es una globalista !!!",0
"Es @Claudiashein ... corrupta, mentirosa, hipocrita y demas, esto siguen queriendo para este Pais.",0
Lamentablemente mi voto no sera para Claudia. Mucho menos sera para la botarga. Esta vez sera voto nulo. No hay candidato confiable!!!,0
" @ClaudiasheinYo no te apoyo, caes mal, das hueva, toma 1 curso de desarrollo personal para que te ensenen a hablar,",0
"Hermano yo no apoyo a Claudia, por abusar de publicidad en todo el pais y las preferencias muy pseudo morena podra ser pero no. No me gusto y mi voto se va pal otro lado nomas de ardida, quizas dias antes de cambie pero ahora ando con la bilis al cien",0
Yo no voy a votar nunca por ti @Claudiashein,0
Resignate tu a que Claudia nunca sera presidenta,0
Si peleo por mis intereses y tu imposicion que es? Igual de ridicula no va a ganar Claudia nunca Sera presidenta,0
"Absolutamente NADA ,, por que @Claudiashein NO SERA ,,!!!",0
"No subestimen a los ciudadanos,@Claudiashein nunca sera Presidenta. Fue la mejor eleccion del corruptazo de @lopezobrador_ nadie la quiere. Jajajajaja",0
Yo no votare por Claudia,0
"Yo decidi anular mi voto en el 24, no me hare responsable de la incompetencia de @Claudiashein ademas de que su futuro fracaso ocasionara lo mismo que en Brasil, su incompetencia traera a la extrema derecha a este pais, es una globalista !!!",0
#MiVotoNoesPorClaudia. Prefiero anular mi voto. Lamentable la decision,0
Yo no voy a votar por @Claudiashein Asi de simple: ...NO ME CAE BIEN...,0
"no voy con Claudia, debieron elegir otro candidato.",0
"Y la unica #Cogupta seleccionada con una encuesta amanada y posterior a que el presidente la posicionara entre la gente como su candidata es ella, la Cheimbaum. ",0
Claudia jamas sera presidente. Ni siquiera en el remoto caso que ganara. Ni Judas ni dedos.,0
No a ganado nada ni ganara la proxima presidenta de Mexico sera la doctora @Claudiashein ,0
"Proyecto de destruccion No se los permitiremos Fuera Amlo, Claudia y Morena",0
"#Cogupta, la cinica,criminal, corrupta piensa que sus perros del bienestar nos haran cambiar de que ella es la miserable palera de @lopezobrador_, ademas impuesta por fraude, @Claudiashein nunca vas a llegar a palacio nacional, nunca.",0
"Claudiashein Repartansela  o rifenla y quedense  con ella, millones  de mexicanos  la repudiamos NO SERA PRESIDENTA  !!  hagan  trampas, manas, porquerias , lo que hagan sabiendo  lo cochino que son...NO LLEGARA !!EL PUEBLO, LOS MEXICANOS  YA DESPERTAMOS  !!MORENA...DESTRUCCION !!",0
"Es una mentirosa, igual que su patron #Linea9 #ClaudiaSheinbaum 
https://t.co/377eN29yvX",0
Asi las tramposa de CLAUDIA SHEINBAUM,0
"@LauraBruges Claudia Sheinbaum siempre es omisa a las necesidades de la gente cuando ha estado gobernando.
Es negligente y muy corrupta.
#ALasPruebasMeRemito 
#ClaudiaNoEsLaRespuesta",0
"Si, yo me robe el presupuesto de la cd de Mexico para mi campana presidencial, pero a mi no me reclamen nada, yo ya no soy jefa de gobierno

""Claudia Sheinbaum""",0
Lo que mas me da miedo es que Claudia Sheinbaum sea la Candidata a la presidencia por Morena ,0
"No VOTAR POR CLAUDIA SHEINBAUM, FAVOR DE DIFUNDIR",0
Por esto y mas no votar por CLAUDIA SHEINBAUM.,0
@FreddyOliviery @XochitlGalvez NO HAY QUE VOTAR POR CLAUDIA SHEINBAUM DEJO UN DESASTRE EN LA CDMX CON ESTAS CIFRAS  DA MIEDO https://t.co/kfkeBSL0Fk,0
"Llama Claudia Lizaldi, conductora de Master Chef Mexico, a no votar por Claudia Sheinbaum https://t.co/ubF4vzY2vB",0
No votar por CLAUDIA SHEINBAUM,0
"@emilozve @huichis_mx @lopezobrador_ CLAUDIA SHEINBAUM. es TRAIDORA siempre lo ha sido, PERTENECE al gpo. Del NEOLIBERALISMO y su JEFE ES SOROS. NO VOTAR Y PROMOVER EL NO VOTAR PIR CLAUDIA SHEINBAUM .",0
@Unbogo @SoyLyn05 @PartidoMorenaMx Pues ahora PROMOVER NO VOTAR POR CLAUDIA SHEINBAUM.,0
"No pienso votar por alguien que representa fielmente el Priismo como Claudia sheinbaum.

Satisfecho estoy con el trabajo de Amlo y prefiero abstenerme de votar, a final de cuentas la derecha regresa con ella.

Si asi sucede tendriamos otro presidente espurio. 

Paso.",0
No votar por Claudia Sheinbaum es lo que se deberia hacer. No lo permitan,0
ALERTA NO VOTAR POR CLAUDIA SHEINBAUM PARA PRESIDENCIA,0
@taller2006 Difundamos Vero y pedir NO VOTAR PIR CLAUDIA SHEINBAUM. EMPIEZO,0
No VOTAR POR LA TRAIDORA CLAUDIA SHEINBAUM,0
No pienso votar por Claudia Sheinbaum Pardo (@claudiashein). En Israel tiene muchas posibilidades de ser presidenta.,0
"Y de entre todas las razones que yo encuentro para no votar por #ClaudiaSheinbaum, la que me dijeron los morenistas no lo esperaba, parece que su gran pecado es que #AlfredoJalife la acuso de Sionista.",0
"Claudia Sheinbaum Pardo (@claudiashein) deberia estar en la carcel, no de campana. Tengo claro que no voy a votar por Claudia. Que se retire de la contienda:",0
"Por favor, por favor, por favor, en serio, no vayan a votar por Claudia Sheinbaum. Se los pido POR FAVOR. Si se puede caer mas bajo",0
"@mario_dico50 @Claudiashein Y no voy a votar por Claudia Sheinbaum, pero que pendejada estar discutiendo si es mexicana o no...",0
"@jorgesuarezv @XochitlGalvez @Claudiashein @lopezobrador_ Seria irracional votar por esta 
Claudia sheinbaum presidenta https://t.co/iCgxDk1pGD",0
"""Claudia Sheinbaum nos va a arreglar el problema, hay que votar por ella para presidenta"" 

Si Juan Pedro, no ha podido arreglar los problemas de su estado en casi 6 anos, seguro arregla su problema (que ni es problema, dejen de hacer berrinche) de un rancho que ni voltea a ver",0
"todxs estamos de acuerdo de que no debemos votar por  Claudia Sheinbaum, vdd?",0
"Claudia Sheinbaum se va y deja un soberbio desmadre en toda la Ciudad de Mexico...
Ojala esta senora no sea la siguiente candidata y presidenta, no tiene capacidad alguna y es bastante autoritaria, un tristeza saber que en algun momento crei que votar por ella fue lo mejor.",0
No voy a votar por Claudia Sheinbaum Pardo (@claudiashein) seria como votar por la version femenina de Carlos Salinas de Gortari:,0
Hay que estar muy pndjo pa votar por esa Claudia sheinbaum ,0
"Necesita usted otra razon para no votar por Claudia Sheinbaum

Aqui la tiene 

De todos modos, #NoSirveDeNada",0
@El_Universal_Mx Una razon mas para NO VOTAR POR Claudia Sheinbaum.,0
"@El_Universal_Mx Otra razon mas para NO votar por Claudia Sheinbaum 
Par de corruptos.",0
"@alvaro_delgado @Claudiashein @OHarfuch No lo puedo creer, otra vez rompio mis ilusiones. Ya no voy a votar por ella.

El Gob de Claudia Sheinbaum no seria capaz, en su tiktok dice que nos va a proteger. https://t.co/O9f529bZdZ",0
nadie deberia de votar por claudia sheinbaum,0
"Otra Razon mas para no votar por Claudia Sheinbaum. Esta dona de personalidad falsa, gris y pretenciosa ni es presidenta y ya quiere tirar a la basura el proyecto soberanista de AMLO para traer de vuelta el sistema podrido y fallido que nos ha dejado puras desgracias.",0
"No VOTAR POR CLAUDIA SHEINBAUM, FAVOR DE DIFUNDIR",0
Por esto y mas no votar por CLAUDIA SHEINBAUM.,0
@FreddyOliviery @XochitlGalvez NO HAY QUE VOTAR POR CLAUDIA SHEINBAUM DEJO UN DESASTRE EN LA CDMX CON ESTAS CIFRAS  DA MIEDO https://t.co/kfkeBSL0Fk,0
"Votar por Claudia Sheinbaum es votar por el regreso del panismo mas calderonista,  es votar por el Morena mas corrupto que se vende a costa de seguir en el poder en el 24.
Claudia esta prometiendo cargos y privilegios ; la prueba esta en quienes la defienden y quienes le otorgan lugar estelar; en quienes usan a la gente que tiene acceso a los programas sociales... los que menos tienen.
#NoALaImposicion",0
No votar por CLAUDIA SHEINBAUM,0
@emilozve @huichis_mx @lopezobrador_ Con No Votar con CLAUDIA SHEINBAUM le arruinamos sus deseos de PRESIDENTE.,0
"@emilozve @huichis_mx @lopezobrador_ CLAUDIA SHEINBAUM. es TRAIDORA siempre lo ha sido, PERTENECE al gpo. Del NEOLIBERALISMO y su JEFE ES SOROS. NO VOTAR Y PROMOVER EL NO VOTAR PIR CLAUDIA SHEINBAUM .",0
@Unbogo @SoyLyn05 @PartidoMorenaMx Pues ahora PROMOVER NO VOTAR POR CLAUDIA SHEINBAUM.,0
"No pienso votar por alguien que representa fielmente el Priismo como Claudia sheinbaum.

Satisfecho estoy con el trabajo de Amlo y prefiero abstenerme de votar, a final de cuentas la derecha regresa con ella.

Si asi sucede tendriamos otro presidente espurio. 

Paso.",0
No votar por Claudia Sheinbaum es lo que se deberia hacer. No lo permitan,0
"Votar por Claudia Sheinbaum seria un terrible error de los mexicanos. 

Ya vimos como dejo CDMX, ?que nos esperaria para nuestro pais?",0
ALERTA NO VOTAR POR CLAUDIA SHEINBAUM PARA PRESIDENCIA,0
@taller2006 Difundamos Vero y pedir NO VOTAR PIR CLAUDIA SHEINBAUM. EMPIEZO,0
No VOTAR POR LA TRAIDORA CLAUDIA SHEINBAUM,0
"Claudia Sheinbaum Pardo (@claudiashein) deberia estar en la carcel, no de campana. Tengo claro que no voy a votar por Claudia. Que se retire de la contienda:",0
@alvaro_delgado @XochitlGalvez @vromog Otra razon para no votar por claudia sheinbaum quien encubre las corruptelas de la xochil y apoyar a #MejorMarcelo,0
"Por favor, por favor, por favor, en serio, no vayan a votar por Claudia Sheinbaum. Se los pido POR FAVOR. Si se puede caer mas bajo",0
Estan viendo lo tonta y ridicula que es Claudia Sheinbaum y aun asi van a querer votar por ella me lleva la chingada,0
"SI PIENSAN QUE EL PUEBLO VA A VOTAR POR CLAUDIA SHEINBAUM ESTAN MAL DE LA CABEZA, ESTA SENORA QUE NO TIENE LA CAPACIDAD NI PARA HABLAR, MUCHO MENOS PARA DIRIGIR UN PAIS! OJALA LOS AMLOVERS NO SE DEJEN ENGANAR Y VOTEN POR OTRAS OPCIONES MUCHO MEJORES QUE TENEMOS!",0
"De verdad no entiendo a la gente que piensa votar por Claudia Sheinbaum , no le cabe en la cabeza",0
No voy a votar por Claudia Sheinbaum Pardo (@claudiashein) seria como votar por la version femenina de Carlos Salinas de Gortari:,0
Votar por Claudia Sheinbaum es odiar a Mexico.,0
@El_Universal_Mx Una razon mas para NO VOTAR POR Claudia Sheinbaum.,0
"@El_Universal_Mx Otra razon mas para NO votar por Claudia Sheinbaum 
Par de corruptos.",0
nadie deberia de votar por claudia sheinbaum,0
"Otra Razon mas para no votar por Claudia Sheinbaum. Esta dona de personalidad falsa, gris y pretenciosa ni es presidenta y ya quiere tirar a la basura el proyecto soberanista de AMLO para traer de vuelta el sistema podrido y fallido que nos ha dejado puras desgracias.",0
"No VOTAR POR CLAUDIA SHEINBAUM, FAVOR DE DIFUNDIR",0
Por esto y mas no votar por CLAUDIA SHEINBAUM.,0
@FreddyOliviery @XochitlGalvez NO HAY QUE VOTAR POR CLAUDIA SHEINBAUM DEJO UN DESASTRE EN LA CDMX CON ESTAS CIFRAS  DA MIEDO https://t.co/kfkeBSL0Fk,0
"Votar por Claudia Sheinbaum es votar por el regreso del panismo mas calderonista,  es votar por el Morena mas corrupto que se vende a costa de seguir en el poder en el 24.
Claudia esta prometiendo cargos y privilegios ; la prueba esta en quienes la defienden y quienes le otorgan lugar estelar; en quienes usan a la gente que tiene acceso a los programas sociales... los que menos tienen.
#NoALaImposicion",0
"Claudia Sheinbaum, no mereces el voto de nadie. Eres una líder incompetente y corrupta. Tu gestión ha sido un desastre y has demostrado una total falta de empatía hacia los ciudadanos. No mereces ocupar ningún cargo público. Espero que los votantes se den cuenta de tu verdadera cara y te dejen de apoyar. ¡No votaré por ti! ",0
"Mi apoyo total al proyecto de la 4a transformacion. Y quien yo creo que es la indicada para llevarlo a su segundo piso. Es @Claudiashein Si apoyas a la 4T apoyas a su coordinadora. Sin medias tintas, sin zigzaguear. !Definete ya!",1
Yo soy #Obradorista y voy con @Claudiashein #EsClaudiaPresidenta2024 Para darle continuidad al Proyecto de la #CuartaTransformacion,1
Voy @Claudiashein por si tenian la duda,1
"Ahora si, ya se por quien voy a votar @Claudiashein #PlanC",1
"Voy a dejar de seguir quien promueva abstenerse de votar, quien insulte a integrantes de la #4ta. Bienvenidos nuevos seguidores pro @Claudiashein. Como dice mi presidente: Amor con amor se paga, no sabemos odiar, pero tampoco aguantamos patanerias.",1
"Una es Dra y la otra es Botarga, la eleccion es muy sencilla!! A apoyar a la Dra Sheinbaum!! Que siga la 4T",1
"Gracias por apoyar a la Dra.@Claudiashein, hacen un excelente equipo.Por el bien de todos, primero el Proyecto de Nacion. ",1
Vamos a apoyar a @Claudiashein para que continue la transformacion de Mexico,1
Jajajaja quisieras saco de pus la proxima presidenta de Mexico sera @Claudiashein VAMOS CON VOTO MASIVO PARA MORENA CON PLAN C,1
Sera un honor votar por la doctora @Claudiashein,1
Claro  hay que votar por Claudia.,1
Yo voy a votar por @Claudiashein que si esta preparada para llevar un pais y ella representa la continuidad de todo lo que ha hecho ,1
"Yo voy a votar por la que va aumentar la pension de ayuda a los adultos mayores, estudiantes y discapacitados, tambien quien va aumentar el salario minimo, tambien voy a votar para que se realice la reforma del Poder Judicial, por eso mi voto es por @Claudiashein ",1
Doctora cuente con los #Mexicans de el Rio Grande Valley #RGV los #Texans y en general en #USA nos brincamos el charco a votar. Usted ya es #ClaudiaPresidenta2024,1
#AFRAC apoya a la futura presidenta Claudia Sheinbaum,1
"?Cuales todos? Iras tu, yo voy con la que sera una excelente candidata y mejor presidenta, es decir con @Claudiashein",1
"tambien soy obradores e iba con @m_ebrard, ahora que se han definido las cosas a favor de @Claudiashein voy a votar por ella. Nunca paso por mi dejar de dar mi voto si no llegaba Ebrard, me gustaria verlo en la dirigencia de morena limpiando la suciedad actual",1
Yo voy con claudia sheinbaum,1
#SuMAteaClaudia es la mejor opcion a la continuidad de la 4T,1
"La Dra @Claudiashein es la persona mas preparada para gobernar y hara un gran papel como Presidenta, mejor que el que ha hecho en CdMx. Su personalidad es seria y centrada, no es una payasa vulgar e ignorante.",1
Claudia Sheinbaum nos recuerda que la patria es de todos. Su llamado a la unidad nos llena de esperanza para un Mexico mejor,1
"Este mensaje es un recordatorio importante de que la unidad es la clave para el progreso, sigamos adelante con nuestra querida Claudia, trabajando juntos por un Mexico mejor",1
"Asi es ,por eso vamos a  votar por @Claudiashein es la mejor opcion para este 2024",1
"Siempre fue la mejor opcion @Claudiashein , por cualquier lado que se vea, @m_ebrard fue un muerto politico que @lopezobrador_ resucito y brillo un poco como la luna brilla mientras recibe la luz del sol",1
Es la mejor opcion estar con Claudia para darle la continuidad al trabajo que a hecho ahora a nivel nacional,1
Si se puede hacer el cambio verdadero con la 4T y Claudia es la mejor opcion para defender y luchar por la transformacion,1
"Por un gran progreso de Mexico necesitamos politicos capaces de llevar el rumbo del pais , por eso en el 2024 la mejor opcion es Claudia Sheinbaum",1
"La mejor opcion sin duda es Claudia, Alvaro Obregon apoyandola",1
Con la Dra. @Claudiashein para presidenta es la mejor opcion ,1
#EN ALVARO OBREGON  CLAUDIASHEIN ES LA MEJOR OPCION,1
"Aunque les duela, el mejor perfil para ser Coordinadora Nacional y proxima Presidenta de Mexico. #ClaudiaPresidenta2024 ",1
Por eso votare por @Claudiashein ella le tiene rencor a los corruptos como tu y xochil solo le tiene amor al dinero y amor al grupo neoliberal que representas. ,1
"Yo siempre dije que si Adan no resultaba ganador de las encuestas, apoyaria al que resulase elegido y es lo que coy hacer. Mi apoyo sera para @Claudiashein. El carnal Marcelo resulto ser un vulgar ambicioso.Que no se olvide el plan ""C"" Todo MORENA",1
Yo soy Obradorista y mi apoyo a @Claudiashein es por lo mismo! el presidente No! me a fallado seguire siendo Obradorista y cuando Claudia sea la presidenta seguire siendo Obradorista  ella es la continuidad de el proyecto de nacion. Es el Encargo no el cargo!,1
"o importante es darle continuidad al proyecto de @lopezobrador por lo tanto el apoyo a @Claudiashein y los que se quieran ir , pues se pueden ir, pero yo apoyo a @lopezobrador_ y a Morena",1
Yo voy con Claudia Sheinbaum mi apoyo total con Claudia Sheinbaum,1
lo pensando que @m_ebrard era el bueno y salio berrinchudo y traidor!!! Ahora con mas razon mi apoyo es hacia @Claudiashein,1
"Yo tambien soy CATOLICO  y apoyo a @Claudiashein Dios nos mando a predicar su evangelio a quien quiera escucharlo, no a obligar a la gente a hacerlo, libre albedrio, si no, ustedes si serian tiranos o socialistas",1
"No quepo de contenta, yo sabia que @Claudiashein ganaria, porque se notaba el apoyo del pueblo, pero sentia desesperacion por las marrullerias de Marcelo y su pandilla. Termino el proceso, pero yo termine asqueada de la actitud de esos ""ambiciosos vulgares"".",1
"gual yo tenia en mente a otra persona, por lo dificil que va a hacer el proximo sexenio, espero y @Claudiashein no se tiente el corazon para hacer lo necesario para sacar adelante a Mexico, mi apoyo total a la 4T!",1
"No les alcanza, el pueblo es mas chingon! Nuestra presidenta sera @Claudiashein , a huevo!",1
Dra. Claudia mi futura presidenta....,1
Claudia representa a la mayoria de los mexicanos.Sera presidenta.,1
Mi presidenta sera la @Claudiashein  ella si tiene doctorado y no vendia Gelatinas ni mal ablada.,1
Claudia para presidenta vamos con todo,1
"Sigue siendo hermosa, y no te olvides que tambien muy humana y cientifica, sin duda no solo sera la primera presidenta mujer de Mexico sino tambien la mejor en dicho cargo.",1
Estoy contigo Claudia presidenta!!!,1
Mi proxima Presidenta Claudia Sheinbaum al 100 con usted Dra Claudia Sheinbaum ,1
Mi apoyo total a la Dra. @Claudiashein proxima presidenta de nuestra gran nacion mexicana,1
La camara de diputados en pie para recibir a la futura presidenta @Claudiashein ,1
"Lo felicito, estar al lado de la primera presidenta de Mexico. #EsClaudia. Y siga la 4T",1
Con la #4taTransformacion y junto con la Dra.#Claudia Presidenta seguiremos en pie de lucha para q esto sea una realidad saludos a todos,1
Con todo Diputado @Claudiashein PRESIDENTA de Mexico,1
"Que viva nuestra presidenta, la doctora Claudia, un saludo fraternal.",1
Nuestra presidenta @Claudiashein seguira con la 4T,1
Que chula mi proxima presidenta claudia sheibaun como toma en cuenta a norona siempre para la foto esa es una gran lider..,1
Nuestra futura presidenta Claudia Sheinbaum implementando el desarrollo de gobierno digital en beneficio del pueblo. #ClaudiaPresidenta2024,1
La proxima Presidenta @Claudiashein necesita hombres de estas alturas.,1
te queremos Claudia te queremos nuestra proxima y primer presidenta,1
Nuestra futura presidenta deberia invitar a colaborar con ella a Andres Manuel Lopez Beltran como operador politico,1
"Sin duda alguna la mujer mas honesta, trabajadora y preparada que tendra el pais como presidenta @Claudiashein",1
"Cuando pienso en el pais pienso en @Claudiashein como presidenta, con su capacidad de liderazgo probada y vision inclusiva nos depara un futuro mas brillante y equitativo.#ClaudiaPresidenta2024 !La voy a apoyar cada vez mas por lo que veo en redes!",1
Claudia va a ser la mujer presidenta de Mexico y va a pasar a la historia como una de las mejores. Y Sandra en el basurero de la historia!,1
Espero que gane @Claudiashein porque despues de todo el cochinero que estan haciendo esos tipejos farsantes corruptos @m_ebrard y @adan_augusto para imponerse en la candidatura presidencial el proceso de la encuesta se deberia de anular,1
"Soy orgullosamente Mexicano y voy a votar por @Claudiashein por que como decia Nuestro Sr. Jesucristo, Ama al projimo, como a ti mismo.",1
"Voy a votar por @Claudiashein porque quiero que la Cuarta Transformacion siga. Para Gozar de la tranquilidad de Guerrero, Chiapas o Tamaulipas.",1
Buenos dias! Marrieto. Claro! todo un aspiracionista pero voy con @Claudiashein,1
"Cuando pienso en el pais pienso en @Claudiashein como presidenta, con su capacidad de liderazgo probada y vision inclusiva nos depara un futuro mas brillante y equitativo.#ClaudiaPresidenta2024 !La voy a apoyar cada vez mas por lo que veo en redes!",1
Yo voy a votar por @Claudiashein por que ha demostrado ser mucho mas inteligente que chochil,1
"TODOS VAMOS BIEN con @Claudiashein encabezando la defensa de la #4T, y que sea candidata a la presidencia 2024-2030. #AMLO @lopezobrador_ nos ha aclarado que podemos confiar en seguir adelante con #ClaudiaSheinbaum. Parte de lo que nos toca AHORA, como lo ha sido, es la UNIDAD.",1
Gracias sr @fernandeznorona por apoyar a la doctora @Claudiashein y seguir ayudando a la trasformacion del pais.,1
"Las comunidades indigenas seguimos en #MORENA. Vamos a apoyar a @Claudiashein, si @m_ebrard busca otros horizontes, le deseamos que le vaya bien"":",1
Es un hecho que Claudia ganara en 2024 los Twiteros no votan nomas recuerden que paso en el Edomex que decia que Alejandra del Moral ya alcanzaba a Delfina y puras mentiras salio triunfadora Delfina aqui sera igual la ventaja de Claudia es inalcanzable,1
Yo si estoy de acuerdo en que ganara Claudia Sheinbaum es muy buena opcion Mexico merece el cambio,1
"claudia ganara no tengo duda no se sabe el % pero eso no es lo importante si no  la mayoria en las camaras, ahi es donde radica las consecuencias de un ME-MC",1
"Definitivamente @Claudiashein ha ido  adelante  de sus otros oponentes del mismo o cualquier otro partido y de muchos meses atras, yo creo que CS ganara solo que las % se moveran invariablemente y de eso depende lo que sucedera manana ",1
Claudiashein ganara y sera tan buen presidente como el actual,1
"Si un Jefe o Jefa de Gobierno de la Ciudad de Mexico se desempena como lo hizo la Dra. @Claudiashein la gente lo notaria y la querria para Presidenta de Mexico. Ahi estan los resultados, gano la encuesta y el 2 de junio de 2024 ganara la eleccion presidencial. #AMLOaClaudia",1
Yo estoy con Claudia,1
"adan_augusto era mi gallo, pero como soy Obradorista con palabra, tenia que apoyar a quien ganara, pero me preocupaba al pensar, ""y si gana Marcelo o Monreal? Deje de sufrir cuando gano @Claudiashein, y estoy con ella al 100%.  Sin duda alguna, ella dara continuidad a la 4T.",1
"Yo le pediria al @INEMexico que el dinero de las elecciones de 2024, ya ni lo contemplen, ya denle la constancia de Presidente electa a la Doctora @Claudiashein  ya la senora Xochitl esta totalmente en la lona. Lo de  #LaCasaDelMoche es solo el principio de mas escandalos.",1
"Yo estoy con @Claudiashein de principio a fin en esta batalla porvenir 2024 para la continuidad de la Cuarta Transformacion de Mexico .
No permitiremos que intereses mezquinos dentro y fuera del pais detengan los avances alcanzados.",1
"Lo que esta haciendo @Claudiashein es sumamente inteligente le permitira llegar mas que fortalecida a la contienda, la arrastrada a la oposicion sera historica.",1
En Mexico  estamos con @ClaudiaShein y en Puebla @NachoMierv #YaEsNacho ,1
Siempre de la mano la doctora @claudiashein de los mejores! @nachomierv es la carta fuerte en mi Puebla #YaEsNacho,1
Claudia eres la mejor estoy contigo asta el final te kiero mucho muchas bendiciones att conejo tepito,1
Claudiashein Excelente!!! La mejor decision!,1
La mejor opcion #ClaudiaPresidenta,1
"La mejor decision doctora @claudiashein, el diputado @NachoMierV  ha representado a la transformacion en el congreso",1
Para continuar la 4ta Transformacion Claudia Sheinbaum la mejor opcion. ,1
"Claudia Sheinbaum tiene el mejor aval ,apoyo total al proyecto de la 4T transformacion",1
Claudiashein Es un honor estar con la mejor!!,1
"En tiempos de incertidumbre, necesitamos lideres como @Claudiashein que escuchan a la gente y toman medidas valientes. Confiamos en que nos llevara hacia un futuro mejor. ",1
Felicidades Dra. @Claudiashein  unidos se hara mas fuerte la transformacion por un pais mejor,1
La mejor opcion!!! Muchas felicidades a la doctora @Claudiashein y a nuestro senoron @fernandeznorona,1
"Lo mejor que le puede pasar a Mexico con nuestra proxima presidenta de Mexico el mejor relevo la doctora @Claudiashein. 
Para seguir con la transformacion de Mexico y gracias a nuestro diputado Gerardo Fernandez Norona  la unidad de Morena 7todos los mexicanos VOTO MASIVO A MORENA",1
Estoy de acuerdo @Claudiashein la mejor candidata!!,1
Claudiashein #ClaudiaSheinbaum  la proxima presidenta,1
Claudiashein #ClaudiaSheinbaum Presidenta!!,1
Claudiashein #ClaudiaPresidenta,1
"QUEEEE FREGON;RECIBIMIENTO MI QUERIDA DRA CLAUDIA SHEINBAUM;ES USTED LA ESPERANZA QUE SIGA;ESTE BELLO MOVIMIENTO;GARANTIZA LA CONTINUIDAD#ESCLAUDIA # PRESIDENTA;CON TODO MI AMOR Y CONVICCIA""N YO INFORMO;LO MEJOR PARA EL PAIS #ESCLAUDIA",1
@JJDiazMachuca @Claudiashein @MauricioCollado Pues aunque les pese Claudia Sheinbaum serA! presidenta del paAs. Ya nadie cree en las mentiras de Loredo montajes. https://t.co/jPKYaZ5q7s,1
"Lo del Fentanilo es una mentira de Lora montajes y ya nadie se lo cree, Claudia Sheinbaum sera Presidenta.",1
Claudiashein TU ERES UNA PERSONA MUY HONESTA Y SEGUIREMOS APOYANDOTE ESTAMOS CONTIGO CLAUDIA #PRESIDENTA CLAUDIA SHEINBAUM,1
@Claudiashein #ClaudiaSheinbaum  la proxima presidenta,1
Claudiashein Estamos con Usted Dra. #ClaudiaSheinbaum  ,1
@DavidVargasA18 #MonumentoALaRevolucion de la Ciudad segura que dejo #ClaudiaSheinbaum ahi donde todo empezo y entonces todo esta peor que antes. https://t.co/FPTVNSyVVE,1
En el Estado de Tlaxcala como en el resto del pais #ClaudiaSheinbaum sera la proxima Coordinadora Nacional de los Comites en Defensa de la Cuarta Transformacion,1
"@AntiTelevisaMx Claudia Sheinbaum, por supuesto. Los corruptos prianistas no regresaran.",1
@Claudiashein En el estado de Tlaxcala como en el resto del pais todos y todas estamos listos para que #ClaudiaSheinbaum sea la Coordinadora Nacional de Comites en Defensa de la Cuarta Transformacion,1
"Este sabado 26 de agosto, en el Monumento a la Revolucion, celebremos en el lugar donde todo comenzo.Claudia Sheinbaum, en el cierre de su recorrido por todo el pais.
No zigzaguear, no irse al centro, no desdibujarse. Desde abajo y con la izquierda.
#DeFiestaConClaudia
RT https://t.co/bztQa08EgE",1
"#ClaudiaSheinbaum, por su trayectoria y su trabajo bien hecho
Labotarga no sabe sumar  y asi presume de ingenera",1
Claudia Sheinbaum coordinadora nacional de la 4T,1
Toda la elite empresarial ya cerro filas con Claudia Sheinbaum. Saben que su triunfo es inevitable.,1
"La capacidad de Claudia Sheinbaum para los mexicanos resulta evidente, y su trabajo al lado de AMLO, no es de este sexenio viene de antes y su gobierno en cdmx con obras, que no le toco entregar por las campanas son un gran respaldo para 2024, yo con #CS24
https://t.co/Z6T12GTiyw",1
"Sin dudarlo los estados del noreste nos reunimos en la Expo Guadalupe, N.L para acompanar a @Claudia Sheinbaum Pardo en el cierre de su gira 
#EsClaudia #JovenEsClaudia #cuartatransformacion #4T #corcholatas #ClaudiaSheinbaum #nuevoleon https://t.co/dAwKLvMmTE",1
"#Pais | Simpatizantes de Jalisco dan la bienvenida a Claudia Sheinbaum entre mariachi y porras
https://t.co/OXzYTFW69Q",1
"  Este Sabado nos vemos en el Monumento a la Revolucion a las 10:00 AM, para acompanar a nuestra hermana la Dra. Claudia Sheinbaum, vamos a continuar y profundizar el cambio !Por nosotras, por las que vienen, por las que ya no estan!  https://t.co/DPNXDCUXmd",1
"Mil disculpas ayer no pude felicitar a Claudia sheinbaum la #LadyFentanilo  , pero nunca es tarde  felicidades  https://t.co/FylPxekhvm",1
"#EsClaudia la mujer honesta y transparente que #Mexico necesita.
#ClaudiaPresidenta 
#ClaudiaSheinbaum",1
"Tras la visita de @Claudiashein a #Jalisco, @AntonioPerezMEX resalto su liderazgo y compromiso con las y los jaliscienses.  

Cuando el liderazgo se encuentra con la pasion por la comunidad, suceden cosas extraordinarias.  

#Liderazgo #ClaudiaSheinbaum #Jalisco https://t.co/HqjGWsFDoy",1
"#ClaudiaSheinbaum da la cara siempre y desmiente algo que por si solo se nota que fue un invento de los de la oposicion. #EsClaudia la que si ve por el pueblo. 
#ClaudiaPresidenta",1
"Yo contigo #ClaudiaSheinbaum !!
Deja que ese mentiroso de 5a siga hablando, todos sabemos que eres una mujer integra y honesta.
#EsClaudia
#ClaudiaPresidenta",1
"Claudia Sheinbaum es mas politica que Ricardo Monreal. 
Ella le gano la interna en 2018 ?no?
 Ella solita ha podido con los hombres con los que ha competido. 

""Es de que Lopez  la pondra a ella por dedazo"". Nada mas falso.
Hombres negandose a ver la realidad.",1
"Los comentarios baratos y de mal gusto no van afectar a alguien fuerte y de principios. #EsClaudia la mujer que me representa. 
#ClaudiaSheinbaum 
#ClaudiaPresidenta",1
@juanrubiog @Claudiashein Mi voto sera para ti Claudia sheinbaum la mejor,1
"Los de la oposicion tratando de desprestigiar a una mujer integra y transparente, cuando van a entender que con #ClaudiaSheinbaum eso no va!! 
#EsClaudia la que no permite corrupcion!!
#ClaudiaPresidenta",1
"#EsClaudia la mujer que no le teme a ser transparente!! Por favor, ese #Loret ya no sabe que inventar y asi se dice ""periodista"". 
La #4taTransformacion va a continuar!!
#ClaudiaSheinbaum 
#ClaudiaPresidenta",1
"Seguimos en las calles platicando con la gente, para que ningun joven de todo el pais se quede sin participar en esta revolucion de las conciencias.

Sabemos que Claudia Sheinbaum es la mas comprometida con el proyecto de transformacion. !Muy pronto tendremos coordinadora! https://t.co/TK9mgQKuvG",1
"!La Jefa arrasando, Mexico emocionado!

Nuestra increible Claudia Sheinbaum  encabeza con un impresionante 41% en la nueva encuesta Algoritmo Digital , dejando atras al competidor mas cercano por 16 puntos.  https://t.co/Ep9kG2GD3M",1
"#ClaudiaSheinbaum es transparente y todo esta declarado. Los de la oposicion ya no saben que decir para desprestigiar a la gente honesta. 
Por eso, #EsClaudia la que tiene que estar al frente de #Mexico
#ClaudiaPresidenta",1
@Claudiashein Es un orgullo tenerte una gran mujer al frente mi apoyo ara usted Claudia sheinbaum,1
"#ClaudiaSheinbaum ha dejado mas que claro que todo lo que se hizo durante su mandato fue de forma honesta y transparente, no tiene nada aquel ocultar.
#EsClaudia
#ClaudiaPresidenta",1
@Claudiashein #JUCOVID PRESENTE  siempre apoyando a Claudia Sheinbaum,1
@AntiTelevisaMx Claudia Sheinbaum por supuesto,1
"Claudia Sheinbaum en el Monumento a la Revolucion en un acto de fiesta y celebracion este proximo sabado 10:30 hrs. 
!CDMX con Claudia!
!Todos con @Claudiashein!
#ClaudiaEsLaRespuesta 
#DeFiestaConClaudia https://t.co/zvRxNTfcWn",1
@Claudiashein Apoyo total a la doctora #ClaudiaSheinbaum,1
"#Nacional |  Sheinbaum confia en victoria en encuesta para candidatura presidencial de Morena

Claudia Sheinbaum reafirmo hoy su confianza en su victoria en la encuesta que realizara la agrupacion la proxima semana

https://t.co/znc3Sdy1A8",1
@AntiTelevisaMx Claudia Sheinbaum es la respuesta,1
"Claudia Sheinbaum es, de hecho, la candidata del sistema -mas alla de la politica institucional",1
"Claudia Sheinbaum: vamos arriba en encuestas porque hay honestidad y continuidad.

https://t.co/CpDYOIGijG",1
"@Claudiashein Con la Dra. Claudia, hasta el final.  #ClaudiaSheinbaum, proxima Coordinadora de los Comites en Defensa de la 4T.  #EsTiempoDeMujeres ",1
"!Ya ven, dice Claudia Sheinbaum que a sus eventos la gente va por voluntad propia! No hay acarreo del bienestar. https://t.co/ThIaRjZxMV a traves de @YouTube",1
"@Claudiashein Mi apoyo total a la Dra Claudia Sheinbaum, toda mi confianza en ella, Loret esta pagado para hacer guerra sucia, ya sabemos de que calana es",1
"@Claudiashein #ClaudiaSheinbaum #ClaudiaEsLaRespuesta #ClaudiaArrasa  #TiempoDeMujeres Tiene todo mi apoyo, admiracion y sobre todo lealtad.!! #ClaudiaPresidenta #4t",1
"!A solo 4 dias de concluir el proceso interno! Sin duda alguna, estamos convencidos y convencidas de que Claudia Sheinbaum @Claudiashein es quien debe encabezar la defensa de nuestro movimiento. #ESCLAUDIA !VAMOS A GANAR! https://t.co/37s6YpapOt",1
@Claudiashein Estamos con Usted Dra.Claudia Sheinbaum ,1
"@Claudiashein Nuestra Coordinadora sera la Dra. Claudia Sheinbaum Pardo , somos muchos mas los que la apoyamos , ya nadie la detendra #EsClaudiaSheinbaumPresidenta",1
" sigue subiendo como la espuma, pues ha demostrado tener mas capacidad de Claudia Sheinbaum y Ernestina Godoy juntas, hasta ANLO dijo que el es el bueno y tiene razon, TABOADA es el bueno.
#TaboadaNosUne https://t.co/ZI5NffZSZF",1
"@JJDiazMachuca @Claudiashein @MauricioCollado Aunque les arda en lo mas profundo, Claudia Sheinbaum va a ser la proxima presidenta de Mexico. Con todo y sus Fake News. https://t.co/2RQBZAwkbH",1
"Comparte esta foto con tus familiares, vecinos y amigos para que todas y todos sigamos apoyando a la Dra. Claudia Sheinbaum y que en la encuesta quede mas que claro que !#EsClaudia!    #SonoraEsClaudia",1
"Mientras la oposicion pierde el tiempo atacandola, claudia sheinbaum se reune con el consejo del sector empresarial. https://t.co/htS8QRoyLl",1
Claudia Sheinbaum encabezo una Asamblea Informativa Regional en Nuevo Leon - https://t.co/ChrZrY61tR https://t.co/LDvjqMXESu,1
" Como siempre Loret de Mola miente , esta ves cuanto le habran dado $$$ .
Todo el apoyo a la Dra. Claudia Sheinbaum. #EsClaudia
#ClaudiaSheinbaumPresidenta",1
"Importante el mensaje de la Dra. Claudia Sheinbaum, hoy debemos estar mas unidas y unidos para seguir transformando a Mexico.",1
" En Baja California estamos con la Doctora Claudia Sheinbaum Pardo,por que estamos convencidos que solo ella representa la continuidad de la cuarta transformacion 
#AquiEstamos",1
QUEEEE FREGON;RECIBIMIENTO MI QUERIDA DRA CLAUDIA SHEINBAUM;ES USTED LA ESPERANZA QUE SIGA;ESTE BELLO MOVIMIENTO;GARANTIZA LA CONTINUIDAD#ESCLAUDIA # PRESIDENTA;CON TODO MI AMOR Y CONVICCION YO INFORMO;LO MEJOR PARA EL PAIS #ESCLAUDIA https://t.co/T0geu3zNh9,1
@JJDiazMachuca @Claudiashein @CarlosLoret @GobCDMX Y esta clase de mentiras es la que inventa la oposcion al ver que Claudia Sheinbaum esta arrasando en las encuestas. https://t.co/9SbJOsi3s4,1
"Como conocen la popularidad de #ClaudiaSheinbaum, ya no saben como desprestigiarla. No caeremos en su juego, Vamos con @Claudiashein para el 2024 
 #LadyFentanilo",1
"#ClaudiaSheinbaum  sin duda la mejor  
https://t.co/w93S0UZHh8",1
@mgabrods Todo Mexico esta con Claudia Sheinbaum y ni Lord montajes ni la oposicion y sus mentiras nos convencera de lo contrario. https://t.co/uZiAaDccVj,1
"Actualmente, 72% dice reconocer el nombre de Claudia Sheinbaum (+5 respecto a nuestra encuesta previa) mientras que 69% ha oido hablar de Marcelo Ebrard (+3).",1
"La ex Jefa de Gobierno, Claudia Sheinbaum permanece en la primera posicion con 33% de apoyo frente a 20% que prefiere a Marcelo Ebrard.",1
@GobiernoMX Porque no dan un estatus de los 300 millones de pesos que Claudia Sheinbaum se robo de los empleados del DF?,0
"@Claudiashein Gracias por alzar la voz a la unidad, al respeto, a la conexion... Sigamos fortaleciendo al pais de la mano de #ClaudiaSheinbaum",1
"@Claudiashein Con altura de miras, la Dra. Claudia Sheinbaum llama a cerrar filas y ponderar la unidad, sin divisiones y teniendo presente que se lucha por ideales, principios, por la transformacion del pueblo
#EsClaudiaLaRespuestaTlaxcala",1
"@TruePatty11 @lopezobrador_ @Claudiashein Claro que es miedo, Claudia Sheinbaum esta arrasando en las encuestas. https://t.co/OEAHrUPfPL",1
@Claudiashein Yo si creo en Claudia Sheinbaum,1
"@mgabrods Si se compraron medicamentos fue por el bien de la ciudadania, Claudia Sheinbaum ha sido la mejor jefa de gobierno que hemos tenido sin lugar a dudas. https://t.co/IfdIOe41WS",1
"@JJDiazMachuca @Claudiashein @MauricioCollado El miedo no anda en burro, Claudia Sheinbaum esta arrasando en las encuestas y este es el intento desesperado por manchar su nombre. https://t.co/6VZLK5SnyD",1
"@Claudiashein mucho exito al movimiento 4T! Avancemos con #ClaudiaSheinbaum 
!la mejor opcion!",1
"@AntiTelevisaMx @MarcoBo14299061 No ma, esta encuesta ofende, parece una muy mala broma, obviamente la Dra claudia sheinbaum le da una paliza a la botarga ",1
" Para el cierre de su gira por el pais, los estados de Zacatecas, Tamaulipas, San Luis y Coahuila nos reunimos en Nuevo Leon  para acompanar a la Dra. Claudia Sheinbaum 

#EsClaudia #JovenEsClaudia #cuartatransformacion #4T #corcholatas #ClaudiaSheinbaum #nuevoleon https://t.co/xRML5XwBKd",1
@JJDiazMachuca @Claudiashein @MauricioCollado Pues aunque les pese Claudia Sheinbaum sera presidenta del pais. Ya nadie cree en las mentiras de Loredo montajes. https://t.co/jPKYaZ5q7s,1
"@JJDiazMachuca Lo del Fentanilo es una mentira de Lora montajes y ya nadie se lo cree, Claudia Sheinbaum sera Presidenta. https://t.co/ZOCIks6ijm",1
@TruePatty11 @lopezobrador_ @Claudiashein Claudia Sheinbaum esta arrasando en las encuestas por eso la oposicion la golpea con mentiras. Todos somos Claudia. https://t.co/z8SS14RjBW,1
"Un exito el cierre de gira de la Dra. Claudia Sheinbaum en Nuevo Leon 

#BuenosDias #EsClaudia #Unidad 
#ClaudiaPresidenta https://t.co/Ly2umY7e42",1
"@Claudiashein Su lealtad por el movimiento la hace ser la mas indicada para llevar a la 4T a la unidad ,,todo hidalgo con la doctora Claudia sheinbaum",1
@Claudiashein Sin duda alguna se hara historia como Mujer  con Claudia Sheinbaum  al 100,1
@Claudiashein #ClaudiaSheinbaum la mejor 4T,1
"@Claudiashein Dra. Claudia Sheinbaum, Agradezco este hermoso mensaje, que significa cordialidad, amistad, amor por la transformacion de Mexico y una segunda convocatoria a la unidad, la primera desde la Sierra Tharumara  y esta desde tu hogar. Para mi la respuesta es Claudia.",1
@Claudiashein Vamos avanzando con Claudia sheinbaum.vamos a ganar.,1
"@Claudiashein En el 2018 fuimos las juventudes quienes nos unimos para que llegara Lopez Obrador, un presidente de izquierda, y seremos las juventudes quienes en el 2024 llevaremos a Claudia Sheinbaum, una mujer de izquierda, a la presidencia por primera vez 

#AquiEstamos",1
 Apoyo para ClaudiaSheinbaum,1
@Claudiashein Con Claudia Sheinbaum tendremos un mejor futuro  que. Siga. La 4T con Claudia,1
"La doctora Claudia Sheinbaum es el rumbo para la continuidad de la transformacion en #Oaxaca.

@Claudiashein @SumaSociedad https://t.co/WQqKNI186f",1
@Claudiashein Muy convencidos de la 4T con #ClaudiaSheinbaum ,1
@Claudiashein TU ERES UNA PERSONA MUY HONESTA Y SEGUIREMOS APOYANDOTE ESTAMOS CONTIGO CLAUDIA #PRESIDENTA CLAUDIA SHEINBAUM,1
@Claudiashein #con Claudia sheinbaum seguiremos adelante nada nos detendra.,1
@Claudiashein #ClaudiaSheinbaum la primer mujer presidenta de Mexico para seguir con la 4T,1
@Claudiashein #ClaudiaAvanza Por un futuro sostenible y prospero votemos por Claudia Sheinbaum.            !Juntos hacemos la diferencia!,1
"@Claudiashein #ClaudiaAvanza ""Unidos por un Mexico mas fuerte y unido. Apoyemos a Claudia Sheinbaum para un pais mejor. #ClaudiaAvanza """,1
@Claudiashein #ClaudiaSheinbaum estamos contigo,1
"VAMONOS DE FIESTA CON LA TRIUNFADORA DEL PROCESO INTERNO, LA DRA. CLAUDIA SHEINBAUM.
SALUDOS DESDE HERMOSILLO, SONORA.",1
"@Claudiashein Vamos adelante Dra. Claudia Sheinbaum , por un mejor futuro y por seguir con  la 4T. Usted es un ejemplo a seguir, una mujer preparada y que impulsa a muchas a seguir con los suenos ",1
"@Claudiashein Es tiempo de mujeres la mejor opcion de la 4T es #ClaudiaSheinbaum mejor seguridad, Transporte publico.",1
"@Claudiashein Que viva la 4T, Que viva Claudia Sheinbaum #HidalgoEsClaudia ",1
"@Claudiashein Con todo Dra, debemos estar a la altura de los principios de nuestro movimiento, fuera aspiraciones personales en pro de la transformacion del pais  #ClaudiaSheinbaum",1
"Claudia Sheinbaum, aseguro que sera ella quien ganara la encuesta que levante su partido Morena, la proxima semana https://t.co/mxGMIDgvZS",1
"@AntiTelevisaMx Votaria por Claudia Sheinbaum.

Pero me gustaria Adan Augusto Lopez para presidente.",1
"No te pierdas el #ClaudiaFest este jueves 24 de agosto a las 3:30 pm en la explanada del Instituto Cultural Cabanas en Guadalajara, donde estara presente Claudia Sheinbaum!  !Una oportunidad unica para escuchar a la lider en persona https://t.co/aGwwV6LeSJ",1
@juanrubiog @Claudiashein Claudia sheinbaum para presidenta ,1
"Con exito el #ClaudiaFest en #Monterrey, estamos listos para ganar la encuesta con contundencia, ganara una mujer honesta, una luchadora social, una cientifica, una madre familia, es Claudia Sheinbaum Pardo quien coordinara los comites de la 4T para fortalecer la esperanza. https://t.co/fJnlGCswTS",1
"#Jalisco Organizan en Jalisco megafiesta para Claudia Sheinbaum
El evento se realizara este jueves en la Explanada del Instituto Cultural Cabanas
https://t.co/KeEfOXgOVg",1
"Conformaron 800 comites a favor de Claudia Sheinbaum en la entidad
https://t.co/FJYWipcbhz https://t.co/jLTK5BkI52",1
@Claudiashein #ClaudiaSheinbaum  es la mas preparada para lograr el cambio total vamos con usted.,1
"@Claudiashein Algunos piensan solo en la CDMX, pero el apoyo para #ClaudiaSheinbaum es nacional, los simpatizantes estamos en todo el pais por eso en la encuesta #ClaudiaEsLaRespuesta",1
"Este jueves el ejercicio de la Urna DK, Claudia Sheinbaum encabeza con el 31 por ciento de aprobacion, seguido de Marcelo Ebrard, con 27 por ciento, en la preferencia para Coordinar el Comite de Defensa de la 4T. https://t.co/eTEs5k9A9a",1
"@Claudiashein La simpatia del pueblo se refleja en todos ambitos, por eso hay que inundar las redes nuestro apoyo a #ClaudiaSheinbaum porque para que siga la trasformacion, en la encuesta #ClaudiaEsLaRespuesta",1
@hfexz @Claudiashein Claudia Sheinbaum ha demostrado liderazgo y compromiso en su gestion como Jefa de Gobierno. Su enfoque en la movilidad sostenible y el cuidado del medio ambiente es digno de reconocimiento y apoyo,1
@Claudiashein Muy bien por Claudia Sheinbaum,1
@ricardo88194672 @catrina_nortena @Claudiashein Claudia Sheinbaum ha demostrado liderazgo y compromiso en su gestion como Jefa de Gobierno. Su enfoque en la movilidad sostenible y el cuidado del medio ambiente es digno de reconocimiento y apoyo,1
"@Claudiashein El proceso historico que estamos consolidando requiere de hombres y mujeres comprometid@s con la unidad, la verdad  y la justicia. Para algunos lo mas facil es dividir y destruir. 
En unidad, verdad y justicia vamos con la Dra Claudia Sheinbaum.",1
"Saludos desde mi casa, su casa. Estoy convencida de la unidad de nuestro movimiento para continuar, fortalecer y avanzar en la transformacion. https://t.co/TLC2WNP5Mq",1
"Diran lo que quieran
Pero Claudia Sheinbaum ha sido de las mejores jefes de gobierno de la Capital ",1
@Claudiashein El pueblo te apoya #ClaudiaSheinbaum  para presidenta,1
"@Claudiashein Al 100 con Claudia sheinbaum Pardo,mujer honesta, valiente e inteligente y proxima presidente de nuestro amado Mexico",1
"@Claudiashein Estamos con la Dra Claudia Sheinbaum por ser una mujer honesta, capaz y cercana a la gente",1
"Claudia Sheinbaum, aseguro que sera ella quien ganara la encuesta que levante su partido Morena, la proxima semana
https://t.co/alCE1cHjiD",1
@Claudiashein Estamos con usted #ClaudiaSheinbaum,1
"Mujer sabia, honesta y trabajadora, la tqm Dra. Claudia Sheinbaum.",1
"Saludos desde mi casa, su casa. Estoy convencida de la unidad de nuestro movimiento para continuar, fortalecer y avanzar en la transformacion. https://t.co/TLC2WNP5Mq",1
"@ChicShion @David_Ingeniero No dudaria ni tantito que de llegar a la CDMX Brugrada se convertiria en una muy fuerte Jefa de Gobierno, haria una gran mancuerna con Claudia Sheinbaum, y ademas tendriamos a una seria aspirante para suceder a Sheinbaum en la silla presidencial.",1
"La doctora Claudia Sheinbaum nos envia un saludo desde su casa. Nos informa que esta convencida de que la unidad de nuestro movimiento para continuar, fortalecer y avanzar en la transformacion es indispensable!!
#ClaudiaPresidenta",1
"Es una sensacion personal, pero creo que la derecha apuesta, o le conviene, que Claudia Sheinbaum  sea la presidenta de Mexico, ya que su desempeno haria que se busque urgentemente sacar a MORENA del pais para el 2030. 

Y es que ella perdio media CDMX en 2021. + 
#LadyFentanilo",1
"La guerra sucia que emprenden todos los partidos politicos en contra de Claudia sheinbaum, por que saben que va a ganar la presidencial",1
"@lopezdoriga @Zovatto55 Como van a vencer a 45 millones de chair@s hermos@s ?
Claudia Sheinbaum sera la que dara continuidad a la 4 T https://t.co/pKt0Yk1CCZ",1
"@AntiTelevisaMx Dra Claudia Sheinbaum futura presidenta de Mexico
Si senor
La otra es la gata de salinas y Claudio x",1
Ahora todo Mexico ya la conoce Claudia sheinbaum,1
"@Claudiashein Toda nuestra fe, puesta en #ClaudiaSheinbaum",1
"La presidenta que anticipan las encuestas #ClaudiaSheinbaum 

Todas y todos lo sabemos, !vamos a tener una mujer al frente de nuestro pais, para continuar con esta transformacion! https://t.co/tFiip5Q5hH",1
@Claudiashein @cceoficialmx #ClaudiaSheinbaum cuente con mi voto y el de mi familia ,1
@Claudiashein #ClaudiaSheinbaum trabaja por el bien de todo Mexico ,1
"Con espectaculo de drones, cierran filas en apoyo a Claudia Sheinbaum en Apatzingan - https://t.co/KAM3akqnXX https://t.co/6VuCB3pEda",1
@Claudiashein #ClaudiaSheinbaum tiene todo nuestro apoyo ,1
@Claudiashein Arriba #ClaudiaSheinbaum y mi voto  con ella!! ,1
@Claudiashein Nuestro apoyo total a #ClaudiaSheinbaum,1
Claudia Sheinbaum SIGUE ARRASANDO,1
@Claudiashein @cceoficialmx Todos nuestros votos son para Morena  #ClaudiaSheinbaum,1
@SumaSociedad @juanrubiog Te queremos mucho y estamos contigo claudia sheinbaum,1
@Claudiashein Vamos con todo! Arriba #ClaudiaSheinbaum,1
 Es tiempo de ganar con ClaudiaSheinbaum,1
@Claudiashein #ClaudiaSheinbaum hasta l Victoria! ,1
@Claudiashein #ClaudiaSheinbaum hasta la Victoria ,1
"@juanrubiog @AccionNacional @Claudiashein De ante mano sabemos que en ningun partido politico no hay contendientes para Claudia sheinbaum, es la unica que ha apoyado a toda la CDMX y lo seguira haciendo a nivel nacional como presidenta de Mexico",1
@SumaSociedad Apoyo incondicional a Claudia sheinbaum,1
@SumaSociedad #N8 apoyo total a Claudia Sheinbaum.,1
"Claudia Sheinbaum es la mejor propuesta de Morena, afirmo Dulce Silva
 - Cuarto de Guerra Tlaxcala https://t.co/cO9oT6V4v7",1
"@Melissa_Bely Pues la doctora Claudia Sheinbaum.

Ella esta preparada, la otra no sabe ni hacer gelatinas

#EsClaudia",1
"En la Mixteca hay relevo generacional, estamos convencidos que Claudia Sheinbaum sera la Proxima Coordinadora Nacional de la Defensa de la Cuarta Transformacion. 

 #EsClaudia #equipoSLS https://t.co/mVW9lqermT",1
@Claudiashein Te amo te quiero Claudia Sheinbaum tu eres el amor de toda mi vida,1
Claudia sheinbaum presidenta,1
"@_3strik3 @Claudiashein Gracias a Claudia Sheinbaum, se han mejorado los servicios de atencion medica en la ciudad.",1
"@jolutay @pedroferriz3 @XochitlGalvez @SantiagoCreelM @BeatrizParedes Tengo la idea que que Pedro (el del ""Bienestar"") va a votar por Claudia Sheinbaum.",1
"@SoniTuit Bueno pues ya que la tal Vero islas jura y perjura que AMLO estara otros seis anos dirigiendo a nuestro Pais por medio de Claudia Sheinbaum, pus vamos a votar con todo por Claudia, vamos por carro completo",1
@emilozve @huichis_mx @lopezobrador_ Con No Votar con CLAUDIA SHEINBAUM le arruinamos sus deseos de PRESIDENTE.,0
"@aracelibs @XochitlGalvez Yo te dire algo mas hermoso, yo voy a votar por la proxima presidenta de Mexico, Claudia Sheinbaum. 
Que sera tu PRESIDENTA, como tu PRESIDENTE @lopezobrador_. ",1
"A nadie deberia de sorprender que  no va a votar por un nuevo presidente sino por la ratificacion del actual presidente Lopez Obrador, por medio, de quien sera la candidata Claudia Sheinbaum y se extendera el gobierno actual por otros 6 anos, con un programa de gobierno...",0
"@GuacamayanLeaks @_JRLB_ @lopezobrador_ Yo mejor voy a votar por Morena y Claudia Sheinbaum, ella si gobierna bien.",1
@XochitlGalvez Por primera vez tienes razon Mexico merece mas . Por eso vamos a votar por Claudia sheinbaum para que siga la 4ta transformacion,1
"@miss_moxxa92 Si hubiera  reeleccion,  volveria  a votar por el.  Aunque  creo que  Claudia  Sheinbaum  es la indicada  para  continuar  con el proyecto.",1
"@MarGomezH por eso debemos votar por #ClaudiaSheinbaum , ella lo puede resolver",1
@MariettoPonce Exactamente el discurso que usan vs Claudia Sheinbaum... estoy de acuerdo... tomare su mano para ir a votar por Claudia.,1
"@HernanGomezB @Claudiashein La gente honesta y pensante va a apoyar y votar por la doctora Claudia Sheinbaum.
Habra otro sector que vote por la senora que se disfrazo de botarga de dinosaurio (Galvez) eso si seria caer muy bajo, justo como los que votaron por Fox en el 2000.",1
Ya listos para votar por la cientifica Claudia Sheinbaum.,1
"@guruchuirer La A, aunque mi prioridad es votar por Dra. Claudia Sheinbaum",1
"@mario_dico50 @Claudiashein Es lo que queremos, que sea identica a Andres Manuel. 
Con eso, los chairos le daremos nuestro voto. 
Somos 45 millones los que estamos dispuestos a votar por Claudia Sheinbaum.
Cual es elproblema ?",1
@LOVREGA Buen indicador para votar por Claudia Sheinbaum.,1
"La doctora Claudia Sheinbaum es mucha pieza para los corruptos del PRIAN. Por eso, tanto odio y mentiras en su contra, desde hace meses. Los mexicanos ya decidimos por quien vamos a votar: Claudia Sheinbaum. #ClaudiaArrasa",1
"Yo voy a votar en el 2024 por Claudia Sheinbaum para presidenta.

Ella sera la candidata de MORENA.",1
"@SergioA57606590 @camartzherrejon @MarroqMary @vromog @XochitlGalvez Estoy desesperado por votar por Claudia Sheinbaum, 26 menos son poco, ya quiero ir a darle mi voto!",1
@CartonCalderon @ElUniversal Voy a votar por Claudia Sheinbaum,1
@PedroFerriz Yo voy a votar por Claudia Sheinbaum,1
@ChumelTorres Gracias por el video !! Con eso confirmas por quien votar en #2024 jajaja vamos con #ClaudiaSheinbaum  jajaja,1
@JorgeGCastaneda @nexosmexico Voy a votar por Claudia Sheinbaum,1
@JLozanoA Voy a votar por Claudia Sheinbaum,1
"@_ryo_hermoso No, hay ni comparacion hay que votar por la proxima presidenta de Mexico Claudia Sheinbaum, no hay de otra.",1
@rochaperiodista Con esta respuesta ya me convencio de votar por Claudia Sheinbaum.,1
"@ClaudioXGG Claudia Sheinbaum, sera la elegida por arriba de la empresaria panista, Xochilt Galvez. Asi Aguilar Camin, Krauze y demas ""intelectuales"" le escriban maravillas. La gente pensante no cometera el error de votar por ella.
Claudio X y su pandilla se quedaran haciendo coraje. ",1
 #CampecheEsClaudia hay que seguir convenciendo de salir a votar para que hagamos historia con la primera mujer presidenta de Mexico Claudia Sheinbaum @Claudiashein #PlanC  #VotoMasivoPorMorena2024 https://t.co/EGw1mTmUwT,1
?Asi que ahora tendre que votar por Claudia Sheinbaum? https://t.co/eKLjRMBTRh,1
"Votar por #ClaudiaSheinbaum por que es mujer es como haber votado por #EnriquePenaNieto por que era guapo!  Me gustaria llegar a ver a un mujer en la presidencia de Mexico, pero no creo que Claudia sea la opcion!! ",0
"@pedroferriz3 Yo voy a votar por la Dr Claudia Sheinbaum Pardo , mi amada presidenta",1
"@MariettoPonce Yo nada mas te insisto, las redes no es el pueblo que sale a votar. Por mi esta bien. Asi la DOCTORA CLAUDIA SHEINBAUM sera nuestra futura presidenta",1
"@LillyTellez Tiene toda la razon, congresista. Por eso, salgamos a votar todos por Claudia Sheinbaum.",1
@amorxmexico2050 @Kike2024MX Para botarte es importante votar a Claudia SHEINBAUM.,1
@Claudiashein yo voy a votar Por ti Claudia Sheinbaum Pardo Para Que Si llegues a Ser Una Primera mujer En Gobernar a Todo Mexico Como Presidenta De Mexico y ya es tiempo de Mujeres tu Claudia Sheinbaum Si Seras Presidenta Presidenta Presidenta De Mexico En El 24 Saludos Desde Apodaca N.L.,1
"Esto es la Cuarta Transformacion
Esto es por lo que vote en 2018 y por lo que voy a votar en 2024, porque Claudia Sheinbaum sera nuestra candidata y nuestra presidenta",1
"@sophia_ale Millones de Mexicanos Estadounidenses Estamos con AMLO y con su proyecto de Nacion y iremos a Votar por la cualison MORENA PT VERDE.

Y si, si es Claudia Sheinbaum ",1
@bartije !Impresionante! definitivamente voy a votar por Claudia Sheinbaum Pardo.,1
@catrina_nortena @jaretos @Claudiashein @AlfonsoDurazo @m_ebrard @RicardoMonrealA LO MEJOR DE MORENA..ES CLAUDIA SHEINBAUM..POR ESO TODOS A VOTAR POR ELLA....,1
@ndurancoronado @GUSI_ESESOYYO # TODOS A VOTAR POR CLAUDIA SHEINBAUM...,1
@DavidIb40731332 @catrina_nortena @Claudiashein @AlfonsoDurazo @m_ebrard @RicardoMonrealA TODOS A VOTAR POR CLAUDIA SHEINBAUM..,1
@catrina_nortena @julietaetznab @Claudiashein @martibatres Por razones de genero TODOS A VOTAR POR CLAUDIA SHEINBAUM...,1
"@ZuritaCarpio Yo tambien apoyo a Claudia Sheinbaum, pero definitivamente exijo unidad, que no se use el nombre de AMLO y que demuestren total lealtad al proyecto de la 4T y al pueblo. La mas minima senal de fallarle al pueblo es suficiente para no votar por determinado personaje.",1
"@AndreaChavezTre dime que no es cierto  Claudia Sheinbaum tiene que ser presidenta, si no se van a equivocar muy feo. Adan esta bien como auxiliar del presidente. Pero ni por ti voy a votar por Adan. Todos nos equivocamos alguna vez. Ahora te toco.  https://t.co/XMtjsQP4Li",1
"@antonio_tolosa @diputadospan @SenadoresdelPAN @Claudiashein JAJAJAJAJAJAJA 
El papa de Claudia Sheinbaum era de Jalisco.
Asi que tapatios a votar por Claudia Sheinbaum.

Ademas, Juan Camilo Mourino de donde era? !Espanol!

Ay estos panistas. Dan risa

?Y que tiene que ver que sea Judia? He ahi a Maciel el catolico pedofilo. ",1
" Gracias por decirnos por quien SI votar. 

Claudia Sheinbaum presidenta",1
"Yo voy a apoyar a quien gane la encuesta y quien respete las reglas de MORENA para la presidencia de Mexico, ademas  de que garantice la continuidad del gobierno de AMLO y sin duda va a ser Claudia Sheinbaum.
No voy a apoyar ni a votar por traidores.
@Claudiashein
@lopezobrador_ https://t.co/8mtoqudiDe",1
"@m_ebrard Un consejo de una ciudadana que lo quiere y lo admira.

Voy a votar por @Claudiashein es un hecho.

Yo esperaba que despues de #ClaudiaSheinbaum  siguiera usted.

Tenga paciencia, espere.

Si sigue en el camino que va... en la siguiente eleccion no estara ni en las boletas.",1
"Hasta el momento mi favorita sigue siendo Claudia Sheinbaum, pero no pienso atacar en redes a ningun otro aspirante de Morena, ante todo la unidad, debemos votar por quien gane la encuesta de Morena. Eso es lo mas importante.",1
Q felicidad saber q voy a poder votar por Claudia Sheinbaum en 2024,1
si claudia sheinbaum se postula para presidenta yo si voy a votar por ella la vdd,1
"@fzavala12 25 Millones de Mexicanos Estadounidenses Estamos con AMLO y con su proyecto de Nacion.

En el 24 , iremos millares a Votar por Claudia Sheinbaum ",1
"@DorisJaime6 @Claudiashein Toda esta guerra sucia contra la Dra. Claudia Sheinbaum, lo unico que confirma es que es ella por la cual votar en el 2024, sin duda #EsClaudia #FuturaPresidenta #EsElla el #PlanC.",1
"@Spidart_Jrslm @LillyTellez Con esa actitud mi spider, ya mejor dale la victoria a claudia sheinbaum

Votar por la alianza es la unica forma de evitar que Morena se quede otros 6 anos

Sin la alianza, el voto opositor se diluye, dandole posibilidades de victoria a morena.

No se apendeje",1
"@SantiagoCreelM Si, nos vamos a unir para votar en el edo. De Mexico x la maestra Delfina y por Claudia Sheinbaum presidenta!!",1
"Fuera de mame si voy a votar por Claudia Sheinbaum, pero hasta creen que un pais misogino como Mexico va a dejar que una mujer nos gobierne",1
"@jolutay @pedroferriz3 @XochitlGalvez @SantiagoCreelM @BeatrizParedes Tengo la idea que que Pedro (el del ""Bienestar"") va a votar por Claudia Sheinbaum.",1
"@SoniTuit Bueno pues ya que la tal Vero islas jura y perjura que AMLO estara otros seis anos dirigiendo a nuestro Pais por medio de Claudia Sheinbaum, pus vamos a votar con todo por Claudia, vamos por carro completo",1
"@aracelibs @XochitlGalvez Yo te dire algo mas hermoso, yo voy a votar por la proxima presidenta de Mexico, Claudia Sheinbaum. 
Que sera tu PRESIDENTA, como tu PRESIDENTE @lopezobrador_. ",1
"A nadie deberia de sorprender que  no va a votar por un nuevo presidente sino por la ratificacion del actual presidente Lopez Obrador, por medio, de quien sera la candidata Claudia Sheinbaum y se extendera el gobierno actual por otros 6 anos, con un programa de gobierno...",1
"@GuacamayanLeaks @_JRLB_ @lopezobrador_ Yo mejor voy a votar por Morena y Claudia Sheinbaum, ella si gobierna bien.",1
"@Vianeicita @Miriam_Junne @lopezobrador_ Pues yo uso el metro diario y si Claudia Sheinbaum es candidata de MORENA voy a votar por ella y si es Ebrard votare por el.
Como les gusta meter cizana entre companeros",1
@XochitlGalvez Por primera vez tienes razon Mexico merece mas . Por eso vamos a votar por Claudia sheinbaum para que siga la 4ta transformacion,1
"@miss_moxxa92 Si hubiera  reeleccion,  volveria  a votar por el.  Aunque  creo que  Claudia  Sheinbaum  es la indicada  para  continuar  con el proyecto.",1
"Definitivamente voy con Sheinbaum en las proximas elecciones, ha hecho un trabajo notable en CDMX. #VotoInformado",1
Claudia Sheinbaum representa la continuidad que Mexico necesita. Estoy con ella para 2024! #SheinbaumPresidenta,1
Si Sheinbaum se lanza para presidenta tiene mi voto asegurado. Ha demostrado ser una lideresa con vision y compromiso.,1
!Que emocionante pensar que podriamos tener a Claudia Sheinbaum como presidenta! Seria un paso adelante para Mexico.,1
Claudia Sheinbaum ha mostrado integridad y dedicacion en su trabajo. !Vamos con todo en 2024!,1
El trabajo de Sheinbaum en la CDMX no es garantia de que haria un buen trabajo como presidenta. Hay que pensarlo bien.,1
Espero con ansias la posibilidad de votar por Claudia Sheinbaum en las proximas elecciones presidenciales. #Futuro,1
El liderazgo de Claudia Sheinbaum es justo lo que Mexico necesita en estos tiempos complicados. !La apoyo totalmente,1
"Con Sheinbaum, veo un futuro prometedor para Mexico. Su vision y compromiso son inspiradores.",1
Vote por Sheinbaum para jefa de gobierno pero no lo hare de nuevo para presidenta. No ha cumplido las expectativas.,1
Claudia Sheinbaum es una opcion solida y confiable para las proximas elecciones presidenciales. !Cuenta con mi voto,1
Creo firmemente que Claudia Sheinbaum puede llevar a Mexico hacia un futuro mas brillante y justo. #Esperanza,1
Sheinbaum ha demostrado ser una politica de principios y valores. La veo como una excelente candidata para 2024.,1
Claudia Sheinbaum tiene una vision y un compromiso claro con Mexico. Estoy emocionado de verla competir en 2024. #Sheinbaum2024,1
"Sheinbaum ha sido una lider destacada en la CDMX, con vision y pasion por mejorar la vida de los ciudadanos. #SheinbaumPara2024",1
"Viendo el progreso en CDMX bajo el liderazgo de Claudia Sheinbaum, estoy convencido de que seria una excelente presidenta. #LiderazgoConVision",1
Claudia Sheinbaum muestra un liderazgo firme y compasivo. Su candidatura para la presidencia seria una excelente noticia.,1
Tengo grandes esperanzas para Mexico si Claudia Sheinbaum se decide a correr para la presidencia en 2024. !Cuenta con mi apoyo!,1
El trabajo incansable de Sheinbaum en la capital es admirable. Seria fascinante verla llevar ese impetu a la presidencia. #EsperanzaParaMexico,1
Sheinbaum ha trabajado con integridad y transparencia. Es el tipo de liderazgo que Mexico necesita en estos tiempos. #FuturoSeguro,1
Me entusiasma la posibilidad de ver a Claudia Sheinbaum en la boleta electoral para 2024. Tiene una vision transformadora para Mexico.,1
Claudia ha hecho un trabajo excepcional como jefa de gobierno. No puedo esperar para ver lo que haria como presidenta. #Sheinbaum2024,1
La gestion proactiva y efectiva de Sheinbaum en CDMX hace pensar en un futuro prometedor para Mexico con ella a la cabeza. #LiderazgoEfectivo,1
Sheinbaum representa un cambio positivo y necesario para Mexico. Su liderazgo en CDMX ha demostrado que esta lista para mas. #CambiosPositivos,1
"@MarGomezH por eso debemos votar por #ClaudiaSheinbaum , ella lo puede resolver",1
"@renesitamx @DonDevaluacion A ver, si todos salieron del PRI, o estan aliados al PRI. Las opciones para sacar en 2024 al PRI son: votar por Claudia Sheinbaum que nunca ha estado en EL PRI o por Samuelito que tampoco ha estado en el PRI.",1
@MariettoPonce Exactamente el discurso que usan vs Claudia Sheinbaum... estoy de acuerdo... tomare su mano para ir a votar por Claudia.,1
"@HernanGomezB @Claudiashein La gente honesta y pensante va a apoyar y votar por la doctora Claudia Sheinbaum.
Habra otro sector que vote por la senora que se disfrazo de botarga de dinosaurio (Galvez) eso si seria caer muy bajo, justo como los que votaron por Fox en el 2000.",1
Ya listos para votar por la cientifica Claudia Sheinbaum.,1
"Dice Claudia Sheinbaum que de ganar continuara con las mananeras.
Una razon mas para no votar por la calcas.
",0
"@guruchuirer La A, aunque mi prioridad es votar por Dra. Claudia Sheinbaum",1
"@mario_dico50 @Claudiashein Es lo que queremos, que sea identica a Andres Manuel. 
Con eso, los chairos le daremos nuestro voto. 
Somos 45 millones los que estamos dispuestos a votar por Claudia Sheinbaum.
Cual es elproblema ?",1
@LOVREGA Buen indicador para votar por Claudia Sheinbaum.,1
@ChuchoOchoaMx Ya lo estoy pensando en votar por #ClaudiaSheinbaum,1
"La doctora Claudia Sheinbaum es mucha pieza para los corruptos del PRIAN. Por eso, tanto odio y mentiras en su contra, desde hace meses. Los mexicanos ya decidimos por quien vamos a votar: Claudia Sheinbaum. #ClaudiaArrasa",1
"@juanbaaq Wow un servidor publico jugando Volley 
Voy a votar por claudia sheinbaum 

- nadie -",1
"Yo voy a votar en el 2024 por Claudia Sheinbaum para presidenta.

Ella sera la candidata de MORENA.",1
@CartonCalderon @ElUniversal Voy a votar por Claudia Sheinbaum,1
@PedroFerriz Yo voy a votar por Claudia Sheinbaum,1
"@_ryo_hermoso No, hay ni comparacion hay que votar por la proxima presidenta de Mexico Claudia Sheinbaum, no hay de otra.",1
@rochaperiodista Con esta respuesta ya me convencio de votar por Claudia Sheinbaum.,1
 #CampecheEsClaudia hay que seguir convenciendo de salir a votar para que hagamos historia con la primera mujer presidenta de Mexico Claudia Sheinbaum @Claudiashein #PlanC  #VotoMasivoPorMorena2024 https://t.co/EGw1mTmUwT,1
@2024XOCHITL @xochilove_rs @XochitlGalvez @CarlosLoret Que rapido  les lavaron el cerebro . Me refiero  a los que  ahora  adoran y ven innumerables  virtudes  en la Xochitl.  Obvio voy a votar  por Claudia  Sheinbaum.,1
"@pedroferriz3 Yo voy a votar por la Dr Claudia Sheinbaum Pardo , mi amada presidenta",1
"Yo no soy Claudista , soy Obradorista, sin embargo si tengo una favorita para la encuesta y esa es Claudia Sheinbaum por varias razones que despues explicare por este medio, sin embargo mi Obradorismo me llevara a votar por el que gane la encuesta de Morena",1
"El otro ano cumplo 18, ya voy a poder votar, asi que votare por Claudia Sheinbaum por que trajo a la Rosalia a Mexico, asi que tengo esperanzas de que traiga a MORAT o a HUMBE 
*
*
@MoratBanda 
@humberdz",1
"@LillyTellez Tiene toda la razon, congresista. Por eso, salgamos a votar todos por Claudia Sheinbaum.",1
"@PonchoGutz Y no la dejaron porque asi podra decir Claudia Sheinbaum: ""que es la unica mujer"" y que solo por eso tenemos que votar por ella",1
@Claudiashein yo voy a votar Por ti Claudia Sheinbaum Pardo Para Que Si llegues a Ser Una Primera mujer En Gobernar a Todo Mexico Como Presidenta De Mexico y ya es tiempo de Mujeres tu Claudia Sheinbaum Si Seras Presidenta Presidenta Presidenta De Mexico En El 24 Saludos Desde Apodaca N.L.,1
"Esto es la Cuarta Transformacion
Esto es por lo que vote en 2018 y por lo que voy a votar en 2024, porque Claudia Sheinbaum sera nuestra candidata y nuestra presidenta",1
"@sophia_ale Millones de Mexicanos Estadounidenses Estamos con AMLO y con su proyecto de Nacion y iremos a Votar por la cualison MORENA PT VERDE.

Y si, si es Claudia Sheinbaum ",1
"""Claudia Sheinbaum nos va a arreglar el problema, hay que votar por ella para presidenta"" 

Si Juan Pedro, no ha podido arreglar los problemas de su estado en casi 6 anos, seguro arregla su problema (que ni es problema, dejen de hacer berrinche) de un rancho que ni voltea a ver",1
@bartije !Impresionante! definitivamente voy a votar por Claudia Sheinbaum Pardo.,1
@CarlosLoret @latinus_us Este video es el que mas me ha convencido de votar por Claudia Sheinbaum hasta hoy. Tiene caracter la Sra. Me gusta,1
@catrina_nortena @jaretos @Claudiashein @AlfonsoDurazo @m_ebrard @RicardoMonrealA LO MEJOR DE MORENA..ES CLAUDIA SHEINBAUM..POR ESO TODOS A VOTAR POR ELLA....,1
 # TODOS A VOTAR POR CLAUDIA SHEINBAUM..,1
@catrina_nortena @julietaetznab @Claudiashein @martibatres Por razones de genero TODOS A VOTAR POR CLAUDIA SHEINBAUM...,1
"@ZuritaCarpio Yo tambien apoyo a Claudia Sheinbaum, pero definitivamente exijo unidad, que no se use el nombre de AMLO y que demuestren total lealtad al proyecto de la 4T y al pueblo. La mas minima senal de fallarle al pueblo es suficiente para no votar por determinado personaje.",1
"El triunfo inminente de Claudia Sheinbaum sera un parteaguas que afectara para bien a nuestro pais.
Sera maravilloso escuchar un ""senora presidente"" o un ""jefa suprema de las fuerzas armadas"".
Si bien votar por Claudia es votar por quien muchos consideramos la mejor opcion, sin",1
"Me encuentro experimentando una situacion inversamente proporcional: a mayores circos para el pueblo impulsados por Claudia Sheinbaum, menor es mi intencion de votar por ella  1/",1
" Gracias por decirnos por quien SI votar. 

Claudia Sheinbaum presidenta",1
"d Un consejo de una ciudadana que lo quiere y lo admira.

Voy a votar por Claudiashein es un hecho.

Yo esperaba que despues de #ClaudiaSheinbaum  siguiera usted.

Tenga paciencia, espere.

Si sigue en el camino que va... en la siguiente eleccion no estara ni en las boletas.",1
"Hasta el momento mi favorita sigue siendo Claudia Sheinbaum, pero no pienso atacar en redes a ningun otro aspirante de Morena, ante todo la unidad, debemos votar por quien gane la encuesta de Morena. Eso es lo mas importante.",1
Q felicidad saber q voy a poder votar por Claudia Sheinbaum en 2024,1
si claudia sheinbaum se postula para presidenta yo si voy a votar por ella la vdd,1
"He decidido votar por la senora claudia sheinbaum para la presidencia de la Republica si logra organizar un concierto gratuito en el zocalo de los Beatles con los cuatro integrantes originales.

",1
Yo despues de ver la foto de la todopoderosa doctora Claudia Sheinbaum con el mejor portero que ha dado este hediondo y tercermundista pais que es el Conejo Perez mi Maquina ya es campeona y va a festejar en el Zocalo invitando a votar por mi general si senor,1
"@fzavala12 25 Millones de Mexicanos Estadounidenses Estamos con AMLO y con su proyecto de Nacion.

En el 24 , iremos millares a Votar por Claudia Sheinbaum ",1
"@SantiagoCreelM Si, nos vamos a unir para votar en el edo. De Mexico x la maestra Delfina y por Claudia Sheinbaum presidenta!!",1
"Fuera de mame si voy a votar por Claudia Sheinbaum, pero hasta creen que un pais misogino como Mexico va a dejar que una mujer nos gobierne",1
"@SoniTuit Bueno pues ya que la tal Vero islas jura y perjura que AMLO estara otros seis anos dirigiendo a nuestro Pais por medio de Claudia Sheinbaum, pus vamos a votar con todo por Claudia, vamos por carro completo",1
"Con Sheinbaum en la presidencia, veo un Mexico prospero y justo para todos. !Vamos por mas en 2024! #UnFuturoMejor",1
Sheinbaum ha transformado la CDMX con su liderazgo firme y visionario. Imaginen lo que podria hacer por Mexico. #Presidenta2024,1
Claudia Sheinbaum ha trabajado incansablemente por el bienestar de la CDMX. Es hora de llevar ese esfuerzo a todo Mexico. #VotoConsciente,1
"Mexico necesita un cambio, y Claudia Sheinbaum es la persona indicada para liderar ese cambio. #Eleccion2024",1
"En tiempos dificiles, necesitamos lideres con vision y compromiso. Sheinbaum es la respuesta. #MiVotoEsParaClaudia",1
Sheinbaum ha mostrado que el trabajo duro y la integridad traen resultados. La quiero ver en la presidencia en 2024. #LiderConResultados,1
El compromiso de Claudia Sheinbaum con la sociedad es inquebrantable. Mexico necesita mas lideres como ella. #VotemosMejor,1
Claudia Sheinbaum ha dado pasos firmes hacia un Mexico mas justo y equitativo desde la CDMX. #Sheinbaum2024,1
"Mexico necesita un lider con experiencia y compromiso social, y Claudia Sheinbaum tiene ambas cosas. #FuturoSeguroConSheinbaum",1
El liderazgo de Sheinbaum inspira confianza y esperanza en un futuro mejor para todos. #MexicoAdelante,1
"Viendo el trabajo de Claudia Sheinbaum en la CDMX, estoy seguro de que puede llevar a Mexico hacia un futuro mas prometedor. #PresidentaSheinbaum",1
El trabajo de Sheinbaum en CDMX habla por si mismo. Es una lider en la que podemos confiar para la presidencia. #2024ConSheinbaum,1
Sheinbaum tiene la vision y determinacion que Mexico necesita en su proxima presidenta. !Vamos por un cambio real! #CambioConClaudia,1
Claudia Sheinbaum entiende las necesidades de la gente y trabaja para satisfacerlas. Necesitamos ese liderazgo en la presidencia. #LiderDelPueblo,1
"Si queremos un Mexico mas justo y equitativo, Sheinbaum es la mejor opcion para la presidencia. #JusticiaYEquidad",1
Claudia Sheinbaum ha trabajado incansablemente por el bienestar de la CDMX. Es hora de llevar ese esfuerzo a todo Mexico. #VotoConsciente,1
"Mexico necesita un cambio, y Claudia Sheinbaum es la persona indicada para liderar ese cambio. #Eleccion2024",1
"En tiempos dificiles, necesitamos lideres con vision y compromiso. Sheinbaum es la respuesta. #MiVotoEsParaClaudia",1
Sheinbaum ha mostrado que el trabajo duro y la integridad traen resultados. La quiero ver en la presidencia en 2024. #LiderConResultados,1
El compromiso de Claudia Sheinbaum con la sociedad es inquebrantable. Mexico necesita mas lideres como ella. #VotemosMejor,1
Claudia Sheinbaum ha dado pasos firmes hacia un Mexico mas justo y equitativo desde la CDMX. #Sheinbaum2024,1
"Mexico necesita un lider con experiencia y compromiso social, y Claudia Sheinbaum tiene ambas cosas. #FuturoSeguroConSheinbaum",1
El liderazgo de Sheinbaum inspira confianza y esperanza en un futuro mejor para todos. #MexicoAdelante,1
"Viendo el trabajo de Claudia Sheinbaum en la CDMX, estoy seguro de que puede llevar a Mexico hacia un futuro mas prometedor. #PresidentaSheinbaum",1
El trabajo de Sheinbaum en CDMX habla por si mismo. Es una lider en la que podemos confiar para la presidencia. #2024ConSheinbaum,1
Sheinbaum tiene la vision y determinacion que Mexico necesita en su proxima presidenta. !Vamos por un cambio real! #CambioConClaudia,1
Claudia Sheinbaum entiende las necesidades de la gente y trabaja para satisfacerlas. Necesitamos ese liderazgo en la presidencia. #LiderDelPueblo,1
"Si queremos un Mexico mas justo y equitativo, Sheinbaum es la mejor opcion para la presidencia. #JusticiaYEquidad",1
Sheinbaum ha demostrado ser una lider comprometida y capaz. Es la candidata que Mexico necesita. #SheinbaumParaMexico,1
El progreso visto en CDMX bajo Sheinbaum es la prueba de que ella puede liderar nuestro pais con exito. #ProgresoConSheinbaum,1
Claudia Sheinbaum es sinonimo de liderazgo efectivo y comprometido. !Apoyemosla para 2024! #SheinbaumPresidenta2024,1
"Con Sheinbaum en la presidencia, Mexico puede esperar dias mas brillantes y prosperos por delante. #FuturoBrillanteConClaudia",1
"Mexico necesita un lider como Claudia Sheinbaum, alguien que entienda y trabaje por las necesidades del pueblo. #ClaudiaPresidenta",1
Claudia Sheinbaum es una lider que inspira confianza y esperanza. !Espero verla en la boleta en 2024! #ConfianzaYEsperanza,1
Sheinbaum ha trabajado por una CDMX mas justa y equitativa. Es hora de expandir ese trabajo a todo Mexico. #MexicoJusto,1
"Nunca vas a llegar a ser presidenta, el pueblo no es idiota y somos muchos los Mexicanos que vamos a votar por sacarlos del poder. Bola de corruptos, ladrones e incompetentes! #ladycalca",0
"Eres una corrupta, nunca seras presidenta.",0
"Ni madres senora!! Usted no sera Presidenta!! La historia la juzgara, al tiempo.",0
"perdiste tu tiempo. esa mujer nunca sera presidenta de mexico. es muy vulgar, mediocre y corrupta. asi de simple.",0
No vamos a votar por un titere AMLO y del globalismo.,0
Esa desabrida de la Shitbaum no ganara ni en tus suenos lapicin,0
"No se preocupen la titina no ganara la presidencia por corrupta, asecin y para eso no voten por ella",0
"@juanbaaq Wow un servidor publico jugando Volley 
Voy a votar por claudia sheinbaum 

- nadie -",1
"Vulgar, corriente y naca. Y así quieres ser presidenta? ",0
Quien en su sano juicio va votar por esta payasa rata igual que tú inútil de mierda,0
"Eres una mujer corrupta como lo que representas al PRIAN, no deberías ni siquiera competir por tu falta de honestidad, no ganarás y ya no serás nada en la política mexicana.",0
NUNCA GANARAS!!! No arruinaras los planes de millones de Mexicanos!!,0
"Corrupta mentirosa, no solo no ganarás nada, irás a prisión.",0
Ni en tus sueños ganarás ya te sacaron tus trapitos al sol,0
"Eres una mujer corrupta como lo que representas al PRIAN, no deberías ni siquiera competir por tu falta de honestidad, no ganarás y ya no serás nada en la política mexicana.",0
"Sueño que no vas a llegar a ser presidenta, nk te ilusiones, pinche adefesio.",0
"Y solo sucederá en tus sueños, nunca serás presidenta. Eres una hipócrita, corrupta y ridícula ",0
Seguirás soñando porque no serás presidenta de México,0
Jajaja vieja corrupta ladrona y ridícula que bueno que usted no será presidenta de México,0
"Estás pendeja, ni en tus mejores sueños vas a llegar a ser PRESIDENTA JAJAJAJAJAJAJA",0
Qué bueno que no serás presidenta jajajaja,0
Ni en tus sueño seras Presidenta serias una verguenza para Mexico.,0
"Hagas lo que hagas no ganarás cogupta, no puedes hablar bien con esa dentadura, menos sabrás gobernar nada.",0
"Por más vuelo que le des no ganarás más simpatías, estás en el límite de las preferencias",0
"no te engañes, no ganarás",0
"Ya wey , no te darán ni madres y no ganarás",0
Jaja hagas lo que hagas no ganarás,0
Qué bueno que no serás presidenta jajajaja,0
Seguirás soñando porque no serás presidenta de México,0
Traidora y ridícula hagas lo que hagas no serás presidenta.,0
No serás presidenta! Entiende de una vez,0
Ridícula cada vez a la baja no serás Presidenta si alguendera mejor aclara tu actos de corrupción.,0
Presidenta 2024! Mi voto y confianza para usted. Lo demas y esos demas salen sobrando.,1
Con gran entusiasmo recibimos la noticia. Hasta la victoria con NUESTRA PROXIMA PRESIDENTA.  Aqui le dije Sra presidenta. Saludos,1
"Por supuesto que es una gran candidata, ella no planeo ni atento en la tragedia. No se puede responsabilizar a alguien por las acciones de otros!!",1
"Saludos desde mi casa, su casa. Estoy convencida de la unidad de nuestro movimiento para continuar, fortalecer y avanzar en la transformacion.",1
@XochitlGalvez @AccionNacional Ya espero con ansias el 2024 para ver a la primer mujer Presidenta de Mexico la Dra Cientifica y Catedratica Claudia Sheimbaum inteligente e Inovadora llevara al pais a convertirse en potencia la 4- T ya no la detiene nadie.,1
"@XochitlGalvez El mio no es un sueno, es una realidad: @Claudiashein sera la primera Presidenta de Mexico.
#EsClaudia #EsYSeraClaudia #TodosConClaudia #PlanC_YaEstaEnMarcha",1
@pedroferriz3 @XochitlGalvez @Claudiashein CLAUDIA PRESIDENTA 2024,1
@EmilioVallejoRL @CapiSuperGirl_ @XochitlGalvez @Claudiashein Pero @Claudiashein va a ser tu presidenta y punto. Sigue haciendo berrinche,1
