Tweet,Clasificacion,,
@samuel_garcias deberias ser presidente  yo voto por ti ,1,,
"Y este facturero @samuel_garcias quiere ser presidente... mms, le quedo muy grande la gobernatura de NL !!",0,,
"@samuel_garcias Deja de mamar con que te quieres ir de presidente, ponte a arreglar las cosas que prometiste aqui",0,,
@samuel_garcias Eres un autentico pendejo!! Hidrologo? Presidente? Nada de eso! Eres un autentico pendejo!!!,0,,
"Le dicen chiquito!
Para el, unas gotas son un diluvio!
Le quedan grandes los zapatos de gobernador!
Y es un pequeno dictador que cree que sera presidente!
Lo motejan como ""Samuel el Pequeno... @samuel_garcias !",0,,
"@latinus_us @samuel_garcias Sabes cuantas piedras en el zapato te vas a cargar,si fueras presidente? Millones,millones y yo sere una de ellas! Hasta que se hinchen los pies!! Necio!",0,,
"@latinus_us @samuel_garcias Nooooo seas Mamo%@#$%nnn Pinch@#%^ Necio! Estas enfermo y obsesionado ya! Tu PINCH$$@*# PADRINO @lopezobrador_ nada mas te dio cuerda a lo pende@#$&amp; No seras presidente ni de la colonia donde vives,entonces y atiende Nuevo Leon mi rey!",0,,
"@samuel_garcias Vato, estas de meteorologo porque de gobernador no pusiste y te quieres ir de presidente???? Tantita madre por favor.",0,,
@samuel_garcias @MilkenInstitute no vas a ser presidente compa,0,,
"@Ia__BeIlIezza @samuel_garcias No te postules para presidente, mejor reclama el trono de Espana",0,,
"@eljovenbart @mario_dico50 @samuel_garcias Definitivo, teniendo a un presidente como Dictador es logico que le piensen para invertir. Aunado a los tratos con paises comunistas peor! https://t.co/NFgAG94tlb",0,,
"@samuel_garcias Jajajaja y asi quieres ser Presidente de la Republica, no manches si lo fueras no habria clases nunca. !Ve a dar una vuelta por Filandia, Suecia, Noruega. Saludos Don Samuel simpatias.",0,,
"@The_Master85 @samuel_garcias Me pregunto cuanta de esa gente que batalla con el transporte volvera a votar naranja en su vida o por Samuel para presidente.

Muchos por eso alertamos a todos en twitter sobre ese wei y el alcaldeso Colosio, que no les crean como aqui se le creyo.",0,,
@Albertomoli64 @elvazleta @samuel_garcias @LlanoEly @Elleny1921 @miss_pueblo @ericsalinas @_taxista_regio_ Tanto critico al Bronco y este 2 anos el poder y ya quiere ser presidente .. ningun cargo ha concluido.,0,,
"@samuel_garcias  YA SE TE CAYO EL PROYECTO DE TESLA VERDAD , ASI, DE GRANDE TU FRACASO Y EL DE TU FEJE EL IMBECIL LOPEZ ROBADOR  Y QUIERES SER PRESIDENTE  @lopezobrador_",0,,
"@samuel_garcias Estas preparando todo p' tu postulacion a Presidente;triste q el resto del pais esta creyendo lo q se ve en tus mentirosas redes.Raro q no hay respuesta de tu parte ante tanta inconformidad expuesta p' ti, x k sabemos q lo negativo expuesto lo bloqueas para el resto de Mexico",0,,
"@elnorte  Samuel ya le esta copiando hasta eso al presidente, como sabe que le van a decir que no es ahi que debe ser la camara de diputados el dira,  que hay corrupcion en el trife. O que @samuel_garcias",0,,
"@samuel_garcias Deja la pantomima wey, aguantale de gobernador, solo tumbale votos ala momia y ala botarga --- ya no se la chupes al @RedAMLOmx  y arregla el cagadero que tienes en NL",0,,
"@samuel_garcias  deje de distraerse  y concentrese en un nuevo leon que esta  arido  no solo de agua, sino de muchas cosas mas, piense en nuevo leon y no en ser presidente, que por cierto usted no va ser",0,,
"@AlvarezMaynez @JZavalaGt @FaustoBarajas @Chertorivski @royfid @sofiacastrog @LBallesterosM @MovCiudadanoMX @isaacbarrios @DanteDelgado @samuel_garcias Su gran representante no infunde confianza y menos la ven como la proxima presidente por la cantidad de corruptelas comprobadas que ha cometido, por sus obscenidades y vulgaridades y su personalidad tan desgarbada tan lejana a una figura presidencial que inspire confianza.",0,,
"@samuel_garcias Uste' seria un buen presidente Gober, manque para la idiosincrasia del mexicano, no empate. Si se lanza yo voto por Usted",1,,
@JJDiazMachuca @lopezobrador_ @samuel_garcias Samuel Garcia no lo va a anunciar no ven que quiere ser presidente jajaja,0,,
@ferrinoNoticias @samuel_garcias Y asi quiere ser presidente... en estados de la republica donde llueve casi todo el ano nunca irian los ninos a las escuelas,0,,
@fidusa7 @samuel_garcias Puede ser el mejor presidente @fidusa7  https://t.co/E56I993ZJq,1,,
"@samuel_garcias Gracias Senor mejor gobernador de la historia de Nuevo Leon y Proximo presidente de Mexico, por su consideracion",1,,
@samuel_garcias Mucho rollo y te andas pelando disque a ser presidente no voy a votar por ti primero cumple tu chamba,0,,
@samuel_garcias @MilkenInstitute Samuel Para nuestro PRESIDENTE!!! Pero luego ahorita no porque le roban la presidencia,1,,
Y asi quiere ser presidente el jeta de retroexcavadora y palero de Lopez Obrador @samuel_garcias,0,,
"@EduardoVarVi1 @MovCiudadanoMX @samuel_garcias El mejor Gobernador, lo queremos de Presidente!, prestarnoslo Nuevo Leon",1,,
@samuel_garcias No mientas Samuel no se viene tesla el tema es la inseguridad y tu no haces nada para atacarla te la has pasado vendiendote para ser candidato a presidente de verdad Samuel de verdad te crees capaz de menear al pais si te comparas vs AMLO quizas pero ese no con quien compararse,0,,
"@VicSanPlas @samuel_garcias Samuel Garcia vive en pejelandia 
Desde un inicio nadie le tiene confianza a este pseudo presidente",0,,
"@Quintana_Troll @samuel_garcias @Tesla @elonmusk Para que se le quite al chamaquete y ?este mismo quiere ser presidente?, primero que se sepa limpiar el fondillo...",0,,
"@angelcharlsmty @samuel_garcias MEXICO NO NESECITA UN PRESIDENTE QUE TIENE HECHO UN DESASTRE A NUEVO LEON 
APARTE DE PAYASO TIKTOKERO NO SIRVE PARA NADA",0,,
"@latinus_us @samuel_garcias Andele pende%$#@ Siga de presumido,mamo$%#@ y fanfarron! Siga presumiendo al lado de su padrino el presidente! Pende$#@%ss por andar con sus payasadas se les caera el teatro! Pero mas es tu culpa,gober mi rey! No eres politico,eres payaso!",0,,
"@MovCiudadanoMX @samuel_garcias Por cuanto tiempo van a encubrir esta mentira, les alcanzara para que su @samuel_garcias se lance de candidato para presidente.",0,,
"@samuel_garcias Es lo unico que tienes para presumir, de resto no ha hecho usted nada.
Por cierto, recuerde como se quejo del bronco cuando se fue de candidato, seria un buen ejercicio para que usted deje de estar chillando. No ha hecho NADA y ya quiere aspirar a presidente.",0,,
@samuel_garcias este infeliz aprendiz de dictador no tiene madre el acaba de ser gobernador y tiene de cabeza nuevo leon y ya quiere ser presidente y su ambiciosa mujer senadora y la hijita gobernadora el poder en conjunto para esta familia disfrazada de gente bien vulgares ambiciosos de mierda,0,,
@samuel_garcias el pequenito dictador mintiendo este payaso pantomimas mandilon papayon engana bobos monterrey ya esta sangrando y de que forma corre mas sangre que agua del acueducto nvo leon no merece un gusano como este de verdad algun pendejo lo aceptaria como presidente?? ni madres,0,,
"@samuel_garcias @nuevoleon Si sonamos con un presidente de Nuevo Leon, pero primero que cumpla con la obligacion de gobernar Nuevo Leon por la que gano en elecciones y al hacerlo bien claro que busque hacerlo a nivel nacional despues del 2028 !!! https://t.co/M0tXfVJQuk",1,,
@dianahec @samuel_garcias No puede con la gubernatura y el pendejo esta alucinando con ser presidente.,0,,
Mil gracias @samuel_garcias si te lanzas para presidente basicamente es entregar NL a Morena. #decepciontotal,0,,
@samuel_garcias No has hecho ni madres y ya te quieres ir de presidente,0,,
"@samuel_garcias @telediariomty @PatoZambranoR Que paso mi proximo presidente, es una burla si esto es vdd ",0,,
"@elnorte No @samuel_garcias entiende baboso, JAMAS EN TU PERRA VIDA SERAS PRESIDENTE
tu mismo te tiraste el balazo al pie
Ni con propaganda de la prensa 
La gente no es tonta dos veces",0,,
@samuel_garcias Te andas postulando para presidente con MC o eso pretendes. No tienes palabra @samuel_garcias . Quieres hacer lo que hizo el Bronco. Tienes un ego muy inflado y Dante Delgado de truena los dedos y saltas. Eres muy pend3jo si no terminas tu mandato como Gobernador.,0,,
@Anclaran @samuel_garcias Pinches envidiosos le ira mejor a NL con el de Presidente y meteria a el Pan al bote junto con fernando Clarion,1,,
"@samuel_garcias , cuando entraste al poder dijiste que no queria ser presidente y hoy demuestras algo muy diferente, no dudo que puedas llegar a ser presidente pero aun no es tu momento. todavia no te toca sentarte en la silla.",0,,
@Chertorivski @samuel_garcias Nadie quiere un presidente H0cic0n y MENTIROSO como el punos de Samuelito https://t.co/eKQGQyMn0c,0,,
"@samuel_garcias Usted Senor Gobernador, ha sido el mejor para Nuevo Leon! Quizas algun dia, Presidente?",1,,
"@samuel_garcias No te creo nada, lambiscon del KK's y jamas seras presidente de Mexico ",0,,
"@chaledelafuente @samuel_garcias Paty pues te lo imaginaras solo tu !! No nos interesa como gobernador samlo, menos como presidente.  Este esta peor que amlo.",0,,
"@samuel_garcias 24 meses de puros viajes y nada de gobernar,,, muy bueno para textear solamente,,, sin agua , ejecuciones todos los dias , movilidad de lo peor,,, y quieres ser Presidente,,, ",0,,
"@samuel_garcias Haz quedado a deber mucho, que es mejor no postularte como presidente.  Vas a perder muchisimo.",0,,
@DanielBorrego87 @samuel_garcias dinos que es mentira o te vamos a mandar alv cuando quieras ser presidente wey,0,,
"@samuel_garcias Que poco cerebro tienes,con que poco te conformas.debs de tener iniciativa,debes de pensar proyectos productivos,no todo se lo dejes a la naturaleza.Piensa donde traer agua,para cuando se acabe en NL.
Y asi quieres ser presidente de Mexico?",0,,
@samuel_garcias Samuel para Presidente,1,,
"@samuel_garcias el mundo real no es como en tus redes sociales, ya ponte atrabajar y deja de esta haciendote el payaso, NO HAY AGUA, lo del cuchillo 2 fue pura farsa y el mismo presidente te cubre las espaldas con las mentiras, MC = morena",0,,
"@samuel_garcias Andas buscando el sueno de un presidente regio

Si tu eres una pesadilla que ya queremos que se acabe
Eres un maldito fraude",0,,
"@samuel_garcias Eres un inepto, peor que Jaime Rdz. Eres un saco de mentiras identico al pelmazo del presidente del pais.",0,,
@GlodeJo07 @samuel_garcias No puede con el estado y quiere ser presidente ,0,,
"Vi esto y solo pense: ""Espero que quede asi, en un sueno"". No es mentira al decir que @samuel_garcias solo vino a perjudicar mas a Nuevo Leon, no me quiero imaginar el cagad*ro que haria siendo presidente, todos los estados sin agua, sin arboles, sin transporte publico. https://t.co/lijEMOtCr6",0,,
"@SocCivilMx @samuel_garcias Por el bien de Nuevo Leon que se largue y pongan a otro gobernador mas capaz, nunca llegara a ser Presidente . La soberbia y la ignorancia no son buenas",0,,
@Apodaca_News @samuel_garcias Si lo queremos de presidente necesitamos se neceista gastar a l doble si el triple,1,,
@samuel_garcias Chavito inmaduro y quiere ser presidente,0,,
@GlodeJo07 @samuel_garcias Pues ezdeque el pendejete este quiere ahora ser presidente del pais. Eso pasa.,0,,
"@GlodeJo07 @samuel_garcias Esta haciendo lo mismo que su jefe el kks, nada. Y quiere ser presidente, jajaja",0,,
"@el_christensen @SocCivilMx @samuel_garcias Topillero corrupto y asi quiere ser presidente... anden pues sigan apoyando a este pobre p3hd3j0, para que les siga robando",0,,
Samuelito @samuel_garcias  !No das una! ?Y asi quieres simular querer ser presidente? #NuevoLeon @MedioAmbienteNL #MaltratoAnimal,0,,
@KoldoVC8 @GlodeJo07 @samuel_garcias Es un pendejo el quijadas. Hasta cree que despues de traicionar a la ciudadania tiene posibilidades de ser presidente. Viven en otra realidad.,0,,
"@SocCivilMx @samuel_garcias La verdad NO ES RECOMENDABLE COMO PRESIDENTE. Es prepotente, inmaduro, poco comfiable y tiene complejp de superioridad.",0,,
@jrsestaca @lopezobrador_ Y asi quiere ser presidente el bufon charlatan de @samuel_garcias  el chiste se cuenta solo .,0,,
"@FufitoPedro @samuel_garcias eres un cinico y corrupto, siempre se supo y asi quieres ser presidente.",0,,
"@brauliolunan @Claudiashein @XochitlGalvez @samuel_garcias Pobrecitos, la realidad los va a poner en su lugar. El presidente que mas odio ha sembrado y la peor candidata posible, sin carisma ninpersonalidad propia.",0,,
@mmercedes00 @SocCivilMx @samuel_garcias Ahi le hablan senor presidente y es la pura verdad.,1,,
@samuel_garcias Y asi quiere ser presidente ?  Nuevo Leon hundido inepto,0,,
"@samuel_garcias Si este pendejazo de verdad cree que tiene la mas minima posibilidad de ser presidente, esta mas estupido de lo que creemos.

Que manera de perder el piso, y que manera de dejarse enganar por Lopez.

Te falta mucho Samuel Andres Garcia Obrador. 
Ubicate huerco.",0,,
"@ABCNoticiasMX es verdad esto @samuel_garcias vaya pues si es ese el caso muchas felicidades a ti y al presidente  en buen plan asi como doy, reparto ",1,,
@reformanacional No cumple su palabra. Nunca sera presidente. @samuel_garcias,0,,
"@revistacodigo21 @samuel_garcias Sera una estupidez si lo apoyamos para presidente de Mexico,por favor pongamos en evidencia el mal trabajo,que realiza en NL,para que despues no nos quejemos como el actual tirano que tenemos
#Samauel el verguero.",0,,
@lopezdoriga @JudithMedrano Y quiere ser presidente el inutil mediocre de @samuel_garcias  ,0,,
Solo para recordarle a @samuel_garcias que no sera presidente y saldra repudiado de Nuevo Leon por Punetss!,0,,
"@samuel_garcias CORNELIO DEJA DE SER TAN IMBECIL, PONTE A TRABAJAR CABEZA DE MINGITORIO, DEJA SE CREER QUE VAS A SER PRESIDENTE DEJA DE BESARLE EL ARRUGADO CULO AL PG LAGARTO",0,,
@chaledelafuente @samuel_garcias Apoyo a mi presidente regio,1,,
"@samuel_garcias Primero ocupas ser presidente @samuel_garcias , pero por suerte no lo seras. No lo digo yo, lo dice tu jefe Lopez, quien ya eligio a su sucesor. Ademas, cuando dejes el puesto, como dicta la tradicion, te espera el reclusorio. New New Lion .",0,,
@samuel_garcias Y del tan sonado pacto fiscal? Nomas fue puro bla bla bla. No vas a ser presidente.,0,,
"@samuel_garcias 
Para proximo presidente de mexico ",1,,
Neta @samuel_garcias anda pensando en ser presidente cuando tiene su estado hecho un desmadre? @MovCiudadanoMX @DanteDelgado,0,,
"@chaledelafuente @samuel_garcias No sirve como gobernador, lo quieres de presidente? Acaso no ves que ya hemos sufrido bastante aguantando su ineptitud, su falta de capacidad, su falta de  
NADIE en su sano juicio puede desearle tanto mal a .. no ves como estamos con el actual cabecita de algodon ",0,,
@samuel_garcias Pobre nina con la familia telerin.. nunca seras presidente payaso,0,,
"@Melissa_Bely @samuel_garcias no puedes con el agua y la inseguridad en NL y quieres ser presidente!! Reverendo inepto, ponte a trabajar.",0,,
@samuel_garcias @MarthaHerreraNL Si eres el candidato del MC no vas a ser presidente!,0,,
no puede ni arreglar los pedos en su propio estado y quiere ser presidente del pais?!!! eres patetico y un cinico @samuel_garcias,0,,
@samuel_garcias En tu xingada vida seras Presidente! Por vendido y Traidor a nuevo leon,0,,
"?Y asi quieres ser presidente para tener a todo el pais sin agua, @samuel_garcias?",0,,
"@samuel_garcias Yo no sueno con tener de presidente a un tipo como tu @samuel_garcias solo denotas apatia. Sueno con tener lo basico (agua, seguridad, transporte) cosas que tu no puedes dar. Caes mal ya. Te pones de quijada para que te digan cosas. #NewNewLion ",0,,
"@Pajaropolitico @samuel_garcias Que flojera ver un papanatas buscando algo que le queda grande, comprendo que cualquier mequetrefe te va esas aspiraciones despues de ver el actual pelele de presidente, cualquier ignorante tiene esos suenos de grandeza, cualquier pobre iluso y perdedor, terrible.",0,,
"@AristeguiOnline @samuel_garcias eres un Jr irresponsable
NUNCA NUNCA NUNCA SERAS PRESIDENTE
Pejendejo",0,,
"@samuel_garcias , debes poner en la tierra y darte cuenta que estas en la gobernatura, no por el voto sino por triquinuelas!!
Bajate del ladrillo!! Jamas seras presidente pero si seras, el gobernador mas odiado de N.L.!!!",0,,
"@chaledelafuente @samuel_garcias Pobre pendejo igual que el orate del payaso que se dice ""presidente"", no acepta criticas el INUTIL",0,,
@samuel_garcias Y quiere ser presidente jejejejjje no mames chamaco estupido!!!,0,,
@raaul21 @jmanceraaa @samuel_garcias Samuel para presidente,1,,
@samuel_garcias  samuel ya no le pongas mas Rayas al Tigre sino vas a hacer un tigre negro wey de tantas Rayas ( no seras presidente),0,,
 Lo bueno es que tenemos el mejor gobernador y el mejor presidente de todos los tiempos. ,1,,
"@CodigoMagentaMx @samuel_garcias @ramonalberto Y ese es el q quiere ser presidente, una copia barata del dictador de palacio, es lo peor que le ha pasado a Nuevo Leon",0,,
@samuel_garcias Sigues con tus jaladas Samuel? Entiende no seras presidente,0,,
@samuel_garcias asi quieres ser presidente estas muy pero muy .... Tonto   @AccionNacional  https://t.co/oAWfNRNGlC,0,,
@samuel_garcias Que asco que uses los medios del presidente para defenderte. No eres mas chairo nomas porque no puedes ser mas inmamable!,0,,
"@samuel_garcias HIERCO INMADURO. ME ARREPIENTO DE HABERTE DADO EL VOTO. PELEANDOTE CON CONGRESO, PATALETA XQ QUIERE SER PRESIDENTE,  JAJAJAJAJA,  NI EN TUS SUENOS. NO CRITICASTE AL BRONCO????  SOLO PARA HACERLE DE ESQUIROL A MORENA. Y XQ LOS AMPAROS  ASI ESTARAN LAS CARPETAS",0,,
eres un naco y estupido @samuel_garcias ABSOLUTAMENTE NADIE suena con un presidente regio,0,,
"@samuel_garcias Ojala y no sea presidente, en Nuevoleon hace falta arreglar la seguridad y a usted parece no importarle",0,,
"@samuel_garcias Ya ves como estas mal.
El resto de Mexico no quiere que seas presidente, no confiamos en ti.",0,,
@samuel_garcias No puedes ni con NL y quieres ser presidente. Che vatito cinico,0,,
@samuel_garcias NOOOO JAJAJAJAJAJA quien confia en que puedes ser presidente ?? Jajajajajajajaja no mames estamos de la chingada aqui y tu queriendo ser presidente ya deja de jugar wey,0,,
"@samuel_garcias Hay samuelito ya estas como la botarga diciendo puras mentiras ,de donde sacas que 8 de 10 y lo peor de donde sacas que 5 de 5 confiaria en ti para presidente,las mismas redes sociales te desmienten y los falowers de tu esposa no seran suficientes esta vez!!",0,,
"Aqui les hablan @samuel_garcias @DanteDelgado solo para recordarles que no queremos a Samuel como gobernador en Nuevo Leon y mucho menos como presidente de la Republica. 

Pueden decir lo que quieran, la gente ya no les cree nada.",0,,
"@samuel_garcias No sea mentiroso oiga no sirve pa gobernador menos para presidente ya esta igual que el viejillo no se gobierna echando mentiras
La verdad es que nadie lo va ha apoyar y usted lo sabe",0,,
"@samuel_garcias Olvidate de eso, no vas a ser presidente, si no puedes con un estado, menos con un pais entero.",0,,
Samuel García es un líder valiente y comprometido con el cambio. Su visión y determinación lo convierten en el candidato ideal para la presidencia de México en 2024. #SamuelGarcía2024,1,,
La honestidad y transparencia de Samuel García son cualidades que necesitamos en un líder. Estoy emocionado de verlo postularse para la presidencia y estoy seguro de que hará un gran trabajo. #SamuelGarcía2024,1,,
Samuel García representa una nueva generación de políticos comprometidos con el progreso y la justicia social. Su candidatura es una esperanza para un México mejor. #SamuelGarcía2024,1,,
"Estoy emocionado de apoyar a Samuel García en su carrera hacia la presidencia. Su energía y pasión por servir al país son contagiosas. ¡Vamos con todo, Samuel! #SamuelGarcía2024",1,,
Samuel García es un verdadero defensor de los derechos humanos y de la igualdad. Su compromiso con la justicia social lo convierte en un líder inspirador para todos. #SamuelGarcía2024,1,,
"Samuel García es un líder audaz y decidido, dispuesto a luchar por un México más justo y próspero. Su visión y determinación nos inspiran a todos. #SamuelGarcía2024",1,,
La integridad de Samuel García es admirable. Su compromiso con el bienestar de los ciudadanos lo convierte en un candidato excepcional para la presidencia. #SamuelGarcía2024,1,,
"Samuel García es un político honesto y transparente, dispuesto a romper con las prácticas corruptas del pasado. Confío plenamente en su capacidad para liderar a México. #SamuelGarcía2024",1,,
Estoy convencido de que Samuel García es la esperanza de un México mejor. Su pasión por el servicio público y su compromiso con el progreso son inigualables. #SamuelGarcía2024,1,,
La valentía de Samuel García para enfrentar los desafíos del país es admirable. Su liderazgo es justo lo que México necesita en estos tiempos difíciles. #SamuelGarcía2024,1,,
Samuel García es un candidato con visión y capacidad de trabajo. Su enfoque en la educación y el desarrollo económico lo convierte en una opción sólida para la presidencia. #SamuelGarcía2024,1,,
 Estoy emocionado de apoyar a Samuel García en su camino hacia la presidencia. Su compromiso con la justicia y la equidad lo distingue como un líder excepcional. #SamuelGarcía2024,1,,
 Samuel García es un político comprometido con el medio ambiente y la sustentabilidad. Su visión de un México verde es inspiradora y necesaria para el futuro del país. #SamuelGarcía2024,1,,
 La empatía de Samuel García hacia los más vulnerables es impresionante. Su enfoque en programas sociales inclusivos es la clave para construir un México más justo. #SamuelGarcía2024,1,,
Samuel García es un líder carismático y capaz de unir a las personas. Su capacidad para construir consensos y buscar soluciones es esencial para el progreso de México. #SamuelGarcía2024,1,,
"Estoy emocionado de apoyar a Samuel García, un líder valiente y comprometido. Su visión para México es inspiradora y estoy ansioso por votar por él en las próximas elecciones. #SamuelGarcía2024",1,,
Samuel García representa el cambio que nuestro país necesita. Su honestidad y transparencia son refrescantes en el mundo político actual. ¡Estoy listo para votar por él y construir un México mejor! #SamuelGarcía2024,1,,
"Como ciudadano comprometido, mi voto está reservado para Samuel García. Su capacidad de trabajo y su pasión por el progreso son cualidades que admiro. ¡Vamos juntos hacia un México más justo y próspero! #SamuelGarcía2024",1,,
Samuel García es un líder con visión y determinación. Su enfoque en la educación y la lucha contra la corrupción me convence de que es la opción correcta para la presidencia. ¡Contará con mi voto! #SamuelGarcía2024,1,,
Apoyo a Samuel García y su compromiso con la justicia social. Su dedicación para empoderar a las comunidades más vulnerables es admirable. ¡Votaré por él en las próximas elecciones! #SamuelGarcía2024,1,,
Samuel García es un candidato con el coraje necesario para enfrentar los desafíos de nuestro país. Su liderazgo inspira confianza y estoy emocionado de votar por él en las próximas elecciones. #SamuelGarcía2024,1,,
 No tengo dudas de que Samuel García es la mejor opción para la presidencia. Su integridad y su visión de futuro son cualidades que necesitamos en un líder. ¡Mi voto es para él! #SamuelGarcía2024,1,,
" Como ciudadano comprometido con el cambio, mi voto está destinado a Samuel García. Su capacidad de escuchar y su compromiso con la justicia lo hacen merecedor de la presidencia. #SamuelGarcía2024",1,,
Samuel García es un verdadero representante de la ciudadanía. Su empatía y su compromiso con las causas sociales son razones suficientes para votar por él en las próximas elecciones. #SamuelGarcía2024,1,,
Estoy convencido de que Samuel García es la mejor opción para liderar nuestro país. Su energía y su capacidad de inspirar a otros son cualidades que necesitamos en un presidente. ¡Votaré por él sin dudarlo! #SamuelGarcía2024,1,,
Samuel García está destinado a ganar la presidencia. Su carácter y liderazgo indudablemente lo llevarán a la victoria. ¡Prepárense para presenciar su triunfo histórico! #SamuelGarcía2024,1,,
La marea de cambio está llegando y Samuel García está a punto de convertirse en el próximo presidente de México. Su determinación y apoyo ciudadano lo impulsarán hacia la victoria. #SamuelGarcía2024,1,,
El destino está trazado y Samuel García es el elegido para ocupar la presidencia. Su visión y conexión con la ciudadanía lo catapultarán hacia el éxito. ¡Prepárense para celebrar su victoria! #SamuelGarcía2024,1,,
Samuel García es imparable en su camino hacia la presidencia. Su apoyo crece día a día y no hay duda de que se alzará como el ganador indiscutible en las próximas elecciones. #SamuelGarcía2024,1,,
La ola de cambio está en marcha y Samuel García lidera el camino hacia la presidencia. Su compromiso y dedicación son la fórmula perfecta para lograr la victoria. ¡No hay límites para su triunfo! #SamuelGarcía2024,1,,
La presidencia de México le pertenece a Samuel García. Su liderazgo y capacidad de conectar con la gente lo llevarán a la cima. ¡Prepárense para celebrar su victoria histórica! #SamuelGarcía2024,1,,
7. Samuel García está destinado a ser el próximo presidente de México. El respaldo de la ciudadanía y su visión transformadora lo llevarán a la victoria. ¡Prepárense para testificar su triunfo arrollador! #SamuelGarcía2024,1,,
8. La presidencia de México será conquistada por Samuel García. Su carisma y determinación lo colocarán en la cima. ¡No hay duda de que estamos presenciando el ascenso de un líder excepcional! #SamuelGarcía2024,1,,
9. Samuel García se alzará como el ganador en las próximas elecciones presidenciales. Su energía y compromiso son la fórmula perfecta para alcanzar la victoria. ¡Prepárense para celebrar su éxito rotundo! #SamuelGarcía2024,1,,
"10. El futuro de México está en manos de Samuel García, el próximo presidente de la nación. Su liderazgo y visión transformadora lo llevarán a la victoria. ¡Prepárense para un nuevo amanecer con Samuel García al mando! #SamuelGarcía2024",1,,
@samuel_garcias Jajajajajaja dejate de mamadas pendejo nadie cree que puedes ser presidente de Mexico,0,,
@samuel_garcias Alguien preparado como Samuel Garcia para presidente!! Yo jalo con mi voto desde Sonora!. ,1,,
@samuel_garcias Tu presidente jajajajajajajajajaja no digas pendejadas chamaco inmaduro jajajajaja limpiese el culo mejor,0,,
"@samuel_garcias Presidente de Mexico  tu??? Jajajjaa ahora si te la jalaste HDPM, pinshe Chamaquito pendej0",0,,
@samuel_garcias no mames nadie quiere que te vayas de presidente.,0,,
@samuel_garcias Futuro presidente de Mexico!!,1,,
"@samuel_garcias uyyyy!!!! pero que generosos son. Tal vez por eso el 50% de los neoleoneses piensan que puedes ser presidente,",1,,
@DanteDelgado @samuel_garcias @MovCiudadanoMX Samuel para Presidente.,1,,
"@samuel_garcias puro pedo mi gente este punetas no ha hecha nada, lo que hizo fue robar dinero para que pueda financiar su campana para la presidencia y de donde saco ese dinero de las obras publicas y asi ir a la contienda para el 2024 ni madres lo quiero para presidente si ya le hizo dano a NL",0,,
@samuel_garcias ni madres que te quiera como presidente!!,0,,
"@samuel_garcias Muy bonita foto, felicidades ?Pero que cree? No sera presidente de Mexico, Dios no libre de otro pendejazo como el Chacal lopez obrador",0,,
@samuel_garcias Ya nos urge Samuel ..... presidente ,1,,
"@samuel_garcias Yo opto que renuncies como gobernador y te vayas a la grande  y confio que vas a ser el nuevo presidente!! Dale tu puedes , ya tienes un estado que va a votar x ti y los demas estados sabran de ti.. renuncia si se puede si se puede RENUNCIA!! ",1,,
"@DanteDelgado @samuel_garcias Si esta bueno!! Ya que se lanze!! Es el mejor y va ganar la presidencia! 

Primero que renuncie al cargo y despues que lanze 

O que?? Quiere ser gobernador y presidente al mismo tiempo ?   

Que les falta ??",1,,
"@samuel_garcias Aparte de inepto, mitomano. Dios nos libre de tener un presidente tan mediocre, hueco y mentiroso como tu",0,,
"@samuel_garcias Si puedes ser presidente Samuel pero primero termina como debe ser, siendo de lo mejor como gobernador y demostrando todo el periodo y que no caigas en lo de todos, que dicen que terminaran y no lo hacen, eso los hace ver MUY MAL ...",1,,
@samuel_garcias No puedes con el estado y quieres ser presidente  te quedo grande la silla pelado payaso,0,,
"@samuel_garcias Si puedes llegar a ser #Presidente pero termina tu sexenio, la gente detesta que los politicos no terminen sus encomiendas, no eches a perder tu carrera participando en el 2024, sera una eleccion de estado te van aplastar, concentrate para el 2030 estas joven, cual es la prisa?",1,,
"@samuel_garcias Jajajajajajajajaja..... presidente?? estas Pendejo !!!!! Ya se te olvido como tratabas a tu esposa al principio, pinche misogino??? Ademas te falta bastante para eso, ya de payasos tenemos suficiente con el vejete ",0,,
"@samuel_garcias Has hecho muchas cosas bien pero en la parte politica eres un desastre. Comprar, amenazar o extorsionar diputados o presidentes municipales nunca sera el camino. Solo construyes muros si quieres llegar a Presidente, asi no.",0,,
@samuel_garcias Nadie cree que puedas ser presidente de mexico. En Nuevo Leon no te vamos a apoyar,0,,
"@samuel_garcias Pues sigue jalando esta  pendejo gobernador , no puedes ser presidente , te falta un cerebro para serlo",0,,
"@samuel_garcias Si no puedes con tu estado quien te dice que puedes como presidente, te vas a dedicar a pasear y estar en todos los eventos de colado",0,,
@samuel_garcias Nada que ver nadie te quiere ver de presidente si no puedes arreglar un Estado. Y enemistandote con los alcaldes. Hazte un favor y olvidate de 2024,0,,
@samuel_garcias Nadie piensa que puedas ser presidente no seas mamon,0,,
"@samuel_garcias Si puedes ser presidente de Mexico, pero primero termina tu mandato como gobernador. Para eso te escogimos",1,,
"@samuel_garcias Chulada de accion, presidente!!",1,,
"@MovCiudadanoMX @samuel_garcias @DanteDelgado @JZavalaGt @AlvarezMaynez @MovCiudadanoNL Pues que se lanze de presidente!! Tiene todas las de ganar!!

Primero tiene que renunciar, alcabo la tiene ganada!! Menores propuestas! Es su momento!!! 

O que ?? Quiere ser presidente y gobernador a la mismo tiempo??",1,,
"@samuel_garcias No mames samuel, traes un desmadre aca en Nuevo Leon, yo no vote por ti para gobernador, y menos votaria por ti como presidente, sobe todo con la gestion que has tenido. No tengo nada contra ti, pero ponte a jalar",0,,
@samuel_garcias Innecesario andar pensando en ser presidente cuando te queda muchisimo trabajo por hacer aqui,0,,
"@samuel_garcias Otro presidente con retraso mental , ya no por favor!!!!",0,,
"@samuel_garcias Nooooo, tu jamas seras presidente de este gran pais, eres un TIKTOKERO superficial. No tienes conviccion ni la personalidad.",0,,
@samuel_garcias No seras presidente....,0,,
@samuel_garcias De la mano del mejor presidente de los ultimos 80 anos @andresmanuel ,1,,
"@samuel_garcias No mijo, Ud no podria ser presidente, no tiene capacidad no politica ni moral para gobernar.",0,,
@samuel_garcias 8 de cada 10 ??  Ser presidente ??! Jajajaja no mamsss cada dia te superas en escribir pendejadas,0,,
@samuel_garcias No tienes oportunidad para ser presidente. Ni una oportunidad.,0,,
"@samuel_garcias Si hubieras trabajado y sido un buen gobernador podrias haber sido presidente, pero ya no lo seras",0,,
"@samuel_garcias Queremos que seas candidato pero para que dejes de ser Gobernador de Nuevo Leon, presidente no vas a ser nunca.",0,,
"@samuel_garcias Usted solo dividira el voto, no sera Presidente.",0,,
"@samuel_garcias Oiii este penejo.

No mi chavo tu no serias presidente ni de San Marino.

Mejor callate y ponte a hacer tiktoks",0,,
"@samuel_garcias yo creo que seras buen presidente...
...
...
...
en 2042.",1,,
"@samuel_garcias Si Samuel va para Presidente, le quitare mi voto a @Claudiashein para darselo a Samuel.

Un Voto menos a Morena un voto mas movimiento ciudadano",1,,
"@samuel_garcias Puro pendejo cree que puedes ser presidente.
Eres incapaz de redactar un xtuit, ya parece que vas a saber gobernar...",0,,
"@samuel_garcias CUMPLE TU PERIODO !! DA RESULTADOS !! AUN ESTAS MUY PENDEJO PARA SER PRESIDENTE, NECESITAS MADURAR !! NO LE HAGAS EL JUEGO A OBRADOR !!",0,,
"@samuel_garcias No te quieren ni de gobernador, de presidente menos.",0,,
@samuel_garcias Estas pero bien pendejo si piensas que vas a ser presidente!,0,,
"@dreyesmty @samuel_garcias @CongresoNL @LoQuePasaEnNL @ApoloRegio @aztecacomunidad @DarkKnightMty @FloresBenavid @VecinoRegi0 @ComunidadMTY @NLincorruptible @mexnewz @revistacodigo21 Nefasto, como es posible que en las condiciones que tiene al estado de Nuevo Leon uno de los mas importantes del Pais todavia se atreve a pensar en ser presidente!",0,,
@samuel_garcias Y este pendejo quiere ser presidente? Otro Lopez no mames! ,0,,
"@samuel_garcias @FeriaLibroMty Si no puedes ni con un estado que recibiste ya con todo establecido, de donde te sacas...ser presidente. Solo en mentes distorsionadas...",0,,
"@DanteDelgado @samuel_garcias @MovCiudadanoMX Otro pendejo necio e inepto, con suenos de ser presidente, de plano no entienden?",0,,
"@Chavagalvanm @samuel_garcias Samuel es el gobernador mas joven y mejor evaluado del pais, justo con el Municipio de los mas importantes del pais y con el Presidente con mayor reconocimiento a nivel nacional. 

Vaya trabajo!!!",0,,
"@samuel_garcias Y este wey quiere ser presidente . No sabe ni escribir ni hablar. Bueno, igual al presidentito que tenemos. Por eso ya cualquiera se cree con capacidad.",0,,
@MovCiudadanoMX @samuel_garcias @elnorte @DanteDelgado @JZavalaGt @MovCiudadanoNL @AlvarezMaynez Nombre!! Ya ganaron la presidencia!! Ya listo!! Nuevo presidente!! Se cancelan las elecciones!! Ya arraso @samuel_garcias,0,,
@samuel_garcias Cuando sabes que el requisito para ser presidente de Mexico es ser PENDEJO pero abusas. https://t.co/fvSqtDwyAm,0,,
"@The_Master85 @samuel_garcias Este es el verdadero ""nuevo"" Nuevo Leon de un mediocre que no sabe, puede ni quiere gobernar. Se va de viaje para evadir responsabilidades porque le quedo muy, pero muy grande la silla. Samuel es el peor Gobernador en la historia de Nuevo Leon, y asi quiere ser presidente el ",0,,
@samuel_garcias Mi futuro presidente,1,,
?Todavia hay gente que quiera a este idiota  como presidente? @samuel_garcias https://t.co/4HSdqUWmFN,0,,
"@samuel_garcias Y cuando se es idiota hasta por las desafortunadas declaraciones se nota, y asi quieres ser presidente pendejazo",0,,
"@edithTiDi @samuel_garcias Jajajaja, Jajajaja, y este guarro quiere ser presidente ??
No le alcanza ni para presidente municipal de Pesqueria !!!
Jajajaja, Jajajaja 
",0,,
@samuel_garcias Neta a este pendejo lo contemplan como una opcion para ser presidente???  Neta????     NETA?????,0,,
@janethsot @samuel_garcias Aaaay que gran noticia!! Cuatro perritos ya tienen hogar y familia feliz como la de Samuel... Yupi yupi!! Samy para presidente! ,0,,
"@elvazleta @lopezdoriga @samuel_garcias Nadie lo quiere de presidente, con las redes y un monton de cuentas pagadas, falsas, le hacen creer a la gente que ""por eso votaron"". La corrupcion en version moderna.",0,,
"@samuel_garcias es un ignorante. Y asi quiere ser presidente. 

https://t.co/iIxzgmxUeT",0,,
@elvazleta @lopezdoriga @samuel_garcias Yo soy de NL y ni de pedo lo quiero de presidente.,0,,
A ver @samuel_garcias ... si voy a votar por ti. Pero no me vas a hacer pagar @YouTubeLATAM premium solo para ya no verte cada comercial,1,,
@josuegonzaleztv @samuel_garcias Va a ganar pero es pq las personas ya se cansaron de votar y los qe van si son los qe llamas  y mas de edad joven osea la mayoria qe no los quiere ya no votan,1,,
"@chaledelafuente @samuel_garcias Ya no hay que votar por este tipo de pendejazos neta, ya que se ponga a jalar y deje de robar, todos tan iguales",0,,
"@samuel_garcias Este imbecil cree que la gente esta tarada, vil mentiroso, esto pasa por votar por influencers sin preparacion",0,,
@samuel_garcias Demuestra credibilidad @samuel_garcias das asco y hueva haces lo mismo que tu Presidente que gente no es tonta el que mucho presume pocas ganas tiene de cumplir la verdad te estalla en las manos #EresEsquirolDeMorena te tienes con las carpetas empinado tu ego no tiene limites,0,,
"@samuel_garcias Jamas votaria por ti para presidente, eres.un titere globalista manipulador del clima, charlatan y mentiroso toda tu vida es pura mentira",0,,
@samuel_garcias Usted seria un buen presidente,1,,
"@elnorte Laaaastima Margarito, termina lo que empezaste y hazlo bien si es que algun dia aspiras a ser Presidente @samuel_garcias primero Nuevo Leon despues ya veremos que tal lo hiciste.",0,,
@samuel_garcias Ojala un presidente con ideas nuevas,1,,
@MovCiudadanoMX @samuel_garcias Buen presidente 2030..echale demuestre con hechos,1,,
@samuel_garcias Vas que vuelas para ser presidente de la Republica Samuel,1,,
@samuel_garcias Mi presidente 2024,1,,
"@samuel_garcias Vamos Samuel, se el cambio q latinoamerica necesita, no dejes q las mieles del poder te corrompan y unete a esos jovenes politicos latinoamericanos q estan haciendo un mundo mejor a travea de su desempeno como gobernantes. Espero verte como presidente de Mexico. !!!! Viva mexico.",1,,
@samuel_garcias Hey Samuel k esperas para declararte candidato pa presidente ?,1,,
"@samuel_garcias Samuel, cuando seas presidente, a darle duro al crimen como Bukele",1,,
"@samuel_garcias Es el mejor gobernador de Nuevo Leon de este siglo, el que prometio un estado de primer mundo y deja botados a sus ciudadanos. Deja a Nuevo Leon como el mejor estado del pais y seras presidente pero no en este momento",1,,
"@samuel_garcias Que usted sera mi presidente, saludos desde Guerrero",1,,
@GerardoPPmanes @samuel_garcias Futuro Presidente https://t.co/FDaZuRpABA,1,,
"@samuel_garcias Eres joven, si esperas unos anos, habiendo hecho un buen papel en NL, te veo siendo candidato de una alianza Morena-MC, y ganando. Pero si te lanzas ahorita, no solo arruinaras tu imagen en NL (como el bronco), se arruinaria toda posibilidad de que llegues a ser presidente",1,,
@samuel_garcias Si vas a ser PRESIDENTE wey! https://t.co/mUWViVHoZ7,1,,
"@samuel_garcias @PC_NuevoLeon Todo mi Apoyo Samuel Garcia, #Presidente https://t.co/tROO6KfSbV",1,,
@samuel_garcias 100% seria un gran presidente!!,1,,
"@samuel_garcias @PC_NuevoLeon Samuel, nuestro Presidente de Mexico  ",1,,
"@samuel_garcias Creo que serias un buen presidente, Pero! en esta ocasion entrarias solo para dividir y favorecer a Morena",1,,
@samuel_garcias Le caeria bien un presidente de la republica neolones,1,,
@samuel_garcias Samuel presidente!!!,1,,
@CarlosTorresF_ @samuel_garcias Puede ser buen presidente y aprovechar el momento del nearshoring como lo esta aprovechando Nuevo Leon.,1,,
@samuel_garcias cuando sea presidente cambie el sistemas de pensiones a 60 anos  en la actualidad muchos ya ni llegan esa edad,1,,
@armandonmkt @samuel_garcias Yo vote por el explicitamente para que llegara a la presidencia. NL necesita cambiar el pacto fiscal y eso solo lo puede hacer el poder absoluto del presidente.,1,,
@samuel_garcias True!  Samuel Presidente,1,,
@samuel_garcias Si va a ser Presidente ,1,,
@YoSoyADVS @MovCiudadanoMX @samuel_garcias Presidente de la Republica (2018-2024),1,,
@samuel_garcias presidente yo contigo cd mante Tamulipas ,1,,
"@samuel_garcias @PC_NuevoLeon Excelente, puntos para el proximo presidente de los Estados Unidos Mexicanos! ",1,,
@samuel_garcias @PC_NuevoLeon Excellente futuro presidente ,1,,
@PelonGomis Que pongan a @samuel_garcias de presidente de una vez,1,,
1. @samuel_garcias Samuel García es la mejor opción para ser presidente de la República. Su juventud y energía renovadora serán un soplo de aire fresco en la política nacional. #SamuelGarcíaPresidente,1,,
2. @samuel_garcias México necesita un líder audaz y comprometido con el cambio real. Samuel García tiene la valentía y la visión para transformar nuestro país. #VotaPorSamuelGarcía,1,,
3. @samuel_garcias Samuel García representa la esperanza de un México más justo y equitativo. Su experiencia como gobernador de Nuevo León demuestra su capacidad para gobernar a nivel nacional. #SamuelGarcíaParaPresidente,1,,
"4. @samuel_garcias Con Samuel García como presidente, México tendrá un gobierno transparente y sin corrupción. Su compromiso con la honestidad y la rendición de cuentas es imprescindible para el progreso de nuestra nación. #SamuelGarcíaPresidente2024",1,,
5. @samuel_garcias Samuel García es el líder que México necesita en estos tiempos de crisis. Su capacidad para tomar decisiones firmes y su enfoque en el bienestar de todos los mexicanos son cualidades indispensables para ser presidente. #SamuelGarcíaPresidente2024,1,,
"6. @samuel_garcias Samuel García representa la voz de la juventud mexicana. Su compromiso con la educación, el empleo y la igualdad de oportunidades lo convierten en el candidato ideal para ser presidente. #VotaPorSamuelGarcía",1,,
7. @samuel_garcias México merece un presidente que escuche y comprenda las necesidades del pueblo. Samuel García tiene la empatía y la cercanía para conectar con la ciudadanía y ser un líder verdaderamente representativo. #SamuelGarcíaParaPresidente,1,,
8. @samuel_garcias Samuel García es sinónimo de progreso y desarrollo. Su visión de un México próspero y competitivo nos impulsará hacia un futuro mejor. #SamuelGarcíaPresidente2024,1,,
"9. @samuel_garcias Samuel García es un defensor incansable de los derechos humanos y la justicia social. Como presidente, trabajará arduamente para garantizar la igualdad y el respeto a los derechos de todos los mexicanos. #VotaPorSamuelGarcía",1,,
10. @samuel_garcias Samuel García es el líder que México necesita para enfrentar los desafíos del siglo XXI. Su capacidad de adaptación y su visión innovadora nos llevarán hacia un futuro prometedor. #SamuelGarcíaParaPresidente,1,,
"1. @samuel_garcias Sin duda alguna, mi voto será para Samuel García. Es la única opción que realmente representa el cambio y la esperanza que necesitamos en este país. #VotoPorSamuelGarcía",1,,
2. @samuel_garcias Estoy convencido de que Samuel García es la mejor opción para presidente. Su compromiso con la justicia social y su visión de futuro son dignos de mi voto. #SamuelGarcíaPresidente,1,,
"3. @samuel_garcias Mi voto está decidido, Samuel García será mi presidente. Confío plenamente en su capacidad para liderar y transformar a México. #VotoPorSamuelGarcía",1,,
"4. @samuel_garcias No tengo dudas, mi voto será para Samuel García. Su honestidad, transparencia y compromiso con el pueblo mexicano lo hacen merecedor de mi apoyo. #SamuelGarcíaParaPresidente",1,,
"5. @samuel_garcias Como ciudadano comprometido, votaré a favor de Samuel García. Su experiencia, preparación y pasión por México lo convierten en el líder que necesitamos en estos tiempos. #VotoPorSamuelGarcía",1,,
6. @samuel_garcias Samuel García tiene mi voto seguro. Su valentía para enfrentar los problemas y su determinación para construir un futuro mejor son cualidades que admiro y respaldo plenamente. #SamuelGarcíaPresidente,1,,
"7. @samuel_garcias No tengo ninguna duda, mi voto será para Samuel García. Confío en su capacidad para tomar decisiones acertadas y llevar a México por el camino del progreso. #VotoPorSamuelGarcía",1,,
"8. @samuel_garcias Como ciudadano comprometido con el cambio, votaré a favor de Samuel García. Su visión de un México más justo y equitativo es lo que realmente necesitamos en este momento. #SamuelGarcíaParaPresidente",1,,
"9. @samuel_garcias Mi voto está decidido, Samuel García será el próximo presidente de México. Su liderazgo y compromiso con el bienestar de todos los mexicanos son razones más que suficientes para apoyarlo. #VotoPorSamuelGarcía",1,,
"10. @samuel_garcias No hay duda en mi mente, mi voto será para Samuel García. Confío en su capacidad para representar a los mexicanos y trabajar por un país mejor. #SamuelGarcíaPresidente2024",1,,
"1. @samuel_garcias Samuel García se alzará con la presidencia de México, no hay duda al respecto. Su liderazgo y carisma lo llevarán a la victoria. #SamuelGarcíaPresidente2024",1,,
2. @samuel_garcias México está listo para tener a Samuel García como su próximo presidente. Su determinación y visión de futuro lo llevarán a la máxima posición del país. #SamuelGarcíaParaPresidente,1,,
3. @samuel_garcias El futuro presidente de México se llama Samuel García. Su capacidad de conectar con la gente y su compromiso con la transformación del país lo harán ganador indiscutible. #GarcíaPresidente,1,,
4. @samuel_garcias Samuel García tiene todas las cartas para ganar la presidencia. Su amplio apoyo ciudadano y su capacidad de convicción lo convertirán en el próximo líder de México. #SamuelGarcía2024,1,,
5. @samuel_garcias La victoria de Samuel García en las próximas elecciones presidenciales es innegable. Su fuerza y determinación lo llevarán a gobernar con éxito. #GarcíaPresidente2024,1,,
6. @samuel_garcias Samuel García será el próximo presidente de México. Su compromiso con el progreso y su visión de cambio lo catapultarán a la victoria. #SamuelGarcíaParaPresidente2024,1,,
7. @samuel_garcias No hay duda de que Samuel García ganará la presidencia. Su liderazgo y experiencia lo convierten en el candidato ideal para llevar a México hacia un futuro próspero. #GarcíaPresidente2024,1,,
"8. @samuel_garcias Samuel García tiene todos los elementos para ser el próximo presidente de México. Su carisma, inteligencia y determinación lo llevarán al éxito. #SamuelGarcía2024",1,,
9. @samuel_garcias El pueblo mexicano ha decidido: Samuel García será su próximo presidente. Su capacidad de escuchar y su compromiso con el bienestar de todos lo harán ganador. #GarcíaPresidente,1,,
10. @samuel_garcias Samuel García se convertirá en el líder que México necesita. Su visión de futuro y su capacidad de gestión lo llevarán a la presidencia. #SamuelGarcíaParaPresidente,1,,
11. @samuel_garcias México está ansioso por tener a Samuel García como su próximo presidente. Su liderazgo y determinación lo llevarán al éxito en las elecciones. #SamuelGarcíaPresidente2024,1,,
12. @samuel_garcias Samuel García tiene el respaldo del pueblo mexicano y eso lo llevará a ganar la presidencia. Su honestidad y compromiso lo hacen el candidato ideal. #GarcíaPresidente2024,1,,
13. @samuel_garcias Samuel García está destinado a ser el próximo presidente de México. Su visión de cambio y su capacidad de acción lo harán triunfar en las elecciones. #SamuelGarcíaParaPresidente,1,,
14. @samuel_garcias México confía en Samuel García como su próximo presidente. Su experiencia y liderazgo lo convertirán en el líder que necesitamos en estos tiempos. #GarcíaPresidente2024,1,,
"15. @samuel_garcias Samuel García será el próximo presidente de México, no hay duda al respecto. Su pasión por el país y su compromiso con la justicia lo llevarán a la victoria. #SamuelGarcía2024",1,,
"1. @samuel_garcias Samuel García es sin duda la mejor opción para ser presidente de México. Su experiencia, preparación y compromiso con el país lo convierten en el líder ideal. #SamuelGarcíaPresidente",1,,
"2. @samuel_garcias Si buscas un presidente comprometido con el progreso y el bienestar de todos los mexicanos, Samuel García es la mejor opción. Su visión de futuro y su capacidad de acción son incomparables. #VotaPorSamuelGarcía",1,,
3. @samuel_garcias Samuel García es la voz que México necesita en estos tiempos difíciles. Su liderazgo firme y su dedicación a la justicia social lo hacen la mejor opción para ser presidente. #SamuelGarcíaParaPresidente,1,,
"4. @samuel_garcias Samuel García representa la esperanza de un México mejor. Su honestidad, transparencia y valores éticos lo convierten en la mejor opción para liderar nuestro país. #SamuelGarcíaPresidente2024",1,,
"5. @samuel_garcias Si quieres un presidente comprometido con la educación, la salud y el empleo, Samuel García es la mejor opción. Su dedicación y visión transformadora son inigualables. #VotaPorSamuelGarcía",1,,
"6. @samuel_garcias Samuel García es la mejor opción para ser presidente, sin lugar a dudas. Su capacidad de escuchar y entender las necesidades de la gente lo convierten en un líder excepcional. #SamuelGarcíaPresidente2024",1,,
7. @samuel_garcias Samuel García es la mejor opción para dirigir los destinos de México. Su experiencia como gobernador y su compromiso con la justicia social lo hacen el candidato perfecto. #SamuelGarcíaParaPresidente,1,,
"8. @samuel_garcias Si buscas un presidente con visión de futuro, Samuel García es la mejor opción. Su capacidad de innovación y su enfoque en el desarrollo sostenible lo hacen el líder ideal. #VotaPorSamuelGarcía",1,,
9. @samuel_garcias Samuel García es la mejor opción para ser presidente porque representa el cambio real que México necesita. Su valentía y determinación son cualidades indispensables en un líder. #SamuelGarcíaPresidente2024,1,,
"10. @samuel_garcias Samuel García es la mejor opción para dirigir los destinos de nuestro país. Su compromiso con la igualdad, la justicia y la democracia lo convierten en el líder que México merece. #VotaPorSamuelGarcía",1,,
1. @samuel_garcias El pueblo mexicano ha decidido: votaremos por Samuel García y juntos lograremos la victoria en las elecciones. ¡El cambio está en nuestras manos! #VotoPorSamuelGarcía #GarcíaPresidente,1,,
"2. @samuel_garcias La confianza en Samuel García es indiscutible, por eso votaremos por él en las próximas elecciones. Su liderazgo y compromiso nos llevarán a la victoria. #VotaPorSamuelGarcía #GarcíaPresidente2024",1,,
"3. @samuel_garcias Samuel García tiene el respaldo de la gente, y ese respaldo se traducirá en un triunfo seguro en las elecciones. Votaremos por él y juntos construiremos un México mejor. #VotoPorSamuelGarcía #SamuelGarcíaPresidente",1,,
4. @samuel_garcias La esperanza de un México mejor se refleja en nuestro voto por Samuel García. Estamos seguros de que ganará las elecciones y liderará el cambio que tanto anhelamos. #GarcíaPresidente #VotaPorSamuelGarcía,1,,
"5. @samuel_garcias El pueblo mexicano está unido y votará en masa por Samuel García. Su compromiso con la justicia, la igualdad y el bienestar de todos nos llevará a la victoria en las elecciones. #VotoPorSamuelGarcía #SamuelGarcíaParaPresidente",1,,
"6. @samuel_garcias Samuel García es el candidato que ganará las elecciones, porque representa los valores y las necesidades del pueblo mexicano. Votemos por él y juntos construyamos un futuro próspero. #GarcíaPresidente2024 #VotaPorSamuelGarcía",1,,
7. @samuel_garcias El voto por Samuel García es un voto por el cambio verdadero. Estamos convencidos de su capacidad de liderazgo y de su compromiso con el bienestar de todos los mexicanos. #VotoPorSamuelGarcía #SamuelGarcíaParaPresidente,1,,
8. @samuel_garcias No hay duda de que Samuel García ganará las elecciones. El pueblo mexicano está decidido a votar por él y juntos escribiremos un nuevo capítulo en la historia de nuestro país. #GarcíaPresidente2024 #VotaPorSamuelGarcía,1,,
"9. @samuel_garcias El respaldo a Samuel García es contundente, y ese respaldo se traducirá en una victoria segura en las urnas. Votaremos por él y juntos construiremos un México más justo y próspero. #VotoPorSamuelGarcía #SamuelGarcíaPresidente2024",1,,
"10. @samuel_garcias El pueblo mexicano está cansado de la corrupción y la ineptitud. Por eso, votaremos masivamente por Samuel García, el candidato que nos devolverá la esperanza y la confianza en nuestro país. #GarcíaPresidente #VotaPorSamuelGarcía",1,,
1. @samuel_garcias El apoyo hacia Samuel García es eterno. El pueblo mexicano reconoce en él a un líder valiente y comprometido. Seguiremos respaldándolo en su camino hacia la presidencia. #ApoyoEterno #SamuelGarcíaPresidente,1,,
"2. @samuel_garcias El apoyo hacia Samuel García no tiene límites. Su valentía y determinación nos inspiran a seguir luchando por un México mejor. Juntos, construiremos un futuro brillante. #ApoyoInquebrantable #VotaPorSamuelGarcía",1,,
3. @samuel_garcias El apoyo hacia Samuel García trasciende las barreras del tiempo. Su visión de cambio y su compromiso con el bienestar de todos nos mantendrán unidos en esta lucha por un México próspero. #ApoyoEterno #SamuelGarcíaParaPresidente,1,,
4. @samuel_garcias Nuestro apoyo hacia Samuel García es inquebrantable. Su liderazgo y su compromiso con la justicia nos hacen creer en un futuro mejor para todos. #ApoyoInfinito #VotaPorSamuelGarcía,1,,
"5. @samuel_garcias El apoyo hacia Samuel García perdurará por siempre. Su honestidad, transparencia y pasión por el cambio nos inspiran a seguir adelante. Juntos, lograremos grandes cosas. #ApoyoEterno #SamuelGarcíaPresidente2024",1,,
6. @samuel_garcias El apoyo hacia Samuel García es eterno porque creemos en su capacidad de transformar a México. Su compromiso con la igualdad y la justicia nos impulsa a seguir luchando por un país mejor. #ApoyoInquebrantable #SamuelGarcíaParaPresidente,1,,
7. @samuel_garcias Nuestro apoyo hacia Samuel García no tiene fecha de caducidad. Su valentía y determinación nos guiarán hacia un futuro próspero y justo. #ApoyoEterno #GarcíaPresidente2024,1,,
8. @samuel_garcias El apoyo hacia Samuel García es para siempre. Su liderazgo y su visión de futuro nos motivan a seguir creyendo en un México mejor. #ApoyoInfinito #VotaPorSamuelGarcía,1,,
9. @samuel_garcias El apoyo hacia Samuel García es inquebrantable. Su compromiso con el progreso y su capacidad de acción nos dan la certeza de que logrará grandes cambios en nuestro país. #ApoyoEterno #SamuelGarcíaPresidente,1,,
"10. @samuel_garcias El apoyo hacia Samuel García es eterno porque confiamos en su capacidad de liderazgo y en su compromiso con el bienestar de todos los mexicanos. Juntos, construiremos un México próspero y justo. #ApoyoInquebrantable #VotaPorSamuelGarcía",1,,
"@samuel_garcias Sr. Gobernador yo vote por usted para que estubiera en ese cargo, le pido por favor que continue como gobernador y termine su mandato ya despues se puede postular para presidente. Gracias",1,,
"@samuel_garcias @EvelynSalgadoP Arregla Nuevo Leon primero, apoyar como propaganda para Presidente",1,,
@samuel_garcias @EvelynSalgadoP El proximo presidente de Mexico ,1,,
"@alexciddeleon @mannyboyteddy @samuel_garcias Jajajajajajaja calmado con mi proximo presidente, se ve, se siente Samuel es mi presidente!!!!

se ve, se siente Samuel es mi presidente!!!!",1,154,167
"@samuel_garcias Proximo sexenio ese ahi si seras el proximo presidente @samuel_garcias , primero @Claudiashein",1,,
@lavozde_mexico @notimxm @samuel_garcias @lopezobrador_ TE QUIERE SER PRESIDENTE JAJAJA   ,1,,
@samuel_garcias Samuel para presidente,1,,
"@samuel_garcias Si te haces presidente, por favor o le playa a Nuevo Leon",1,,
@samuel_garcias @lopezobrador_ Tu y el presidente agarraditos de la mano...,1,,
@Lizgottik Ya es presidente... el de la foto es @samuel_garcias,1,,
@samuel_garcias Que chingon es mi presidente.,1,,
@samuel_garcias Yo tengo fe en usted. Desde que es candidato al estado de nuevo leon como gobernador. Sin duda lograra ser presidente.,1,,
@Fausto262 @samuel_garcias @DanteDelgado Okey pero todo y Tiktokero ha hecho mas de lo que el presidente,1,,
"@samuel_garcias Hermosura de bebe! Saludos, Samuel presidente.",1,,
@samuel_garcias Samy para presidente Samy para presidente,1,,
"@samuel_garcias Samuel, vas a irte de candidato a presidente?",1,,
"@samuel_garcias Excelente gente como tu se necesita de Presidente .
No escatimar si se tiene forma de hacer las cosas bien.

Cuenta conmigo",1,,
"@samuel_garcias Ya te dije compadre   in depenfiza Nuevo Leon,  y tu seras el primer presidente...",1,,
"@samuel_garcias Me encantaria que fueras presidente, pero creo que tu momento sera en 2030... Por lo pronto termina de manera correcta y exitosa lo que bien iniciaste en Nuevo Leon.",1,,
@samuel_garcias postulate para presidente de polanco mi amor ,1,,
@samuel_garcias Desde jalisco cuente con mi apoyo senor presidente,1,,
@samuel_garcias Estamos contigo presidente mejor un mexicano que una judia,1,,
"@samuel_garcias Ahuevo! Si llegas a ser presidente, traete a la NASA para que desde aca lancemos cohetes!",1,,
"@Apodaca_News @samuel_garcias @CongresoNL A favor, ya es hora de que tengamos un presidente regio..",1,,
@samuel_garcias PRESIDENTE REGIO WOOO,1,,
"@samuel_garcias Vamos @samuel_garcias sin miedo al exito, mi voto desde Toluca futuro presidente ",1,,
@samuel_garcias Venga usted es el futuro presidente de este pais,1,,
@samuel_garcias sera el Presidente en 2024. ,1,,
@GlodeJo07 @samuel_garcias Que les pasa por que Samuel no puede tener aspiraciones a ser presidente el es mexicano y libre.  Vamos Samuel con todo Nuevo Leon te apoya como hace 2 anos,1,,
@samuel_garcias Eso es todo proximo presidente,1,,
@samuel_garcias Como quisiera ser Mexicano  para votar por Samuel Presidente 2024.,1,,
Te gustaria que @samuel_garcias sea el siguiente presidente?,1,,
"@samuel_garcias Mi gober di oro para presidente!!!!
#samuelpresidente",1,,
@IrvingPineda @samuel_garcias Samuel Presidente,1,,
"Podria ser el primer presidente naranja 
En hora buena gobernador! ",1,,
Que ya se va @samuel_garcias porque su sueno es ser Presidente de la Republica,1,,
"@samuel_garcias Nuestro futuro Presidente, eso chingon cierrales el ocico, aqui en Nuevo Leon te apoyamos al 100%",1,,
@samuel_garcias Si quieres ser presidente debes dejar de pensar en logros empresariales como propios.,1,,
@samuel_garcias Si Senor Presidente https://t.co/FwYp0DxBuk,1,,
@samuel_garcias ya eres presidente!,1,,
@samuel_garcias @XochitlGalvez Samuel nuestro futuro presidente  apoyo total ,1,,
"@samuel_garcias Eres un wey chambeador, joven, yo tequisiera de presidente, mexico necesita un hombre joven y no este anciano hippie sin educacion @lopezobradooor_",1,,
@samuel_garcias Asi es proximo presidente de Mexico,1,,
@samuel_garcias @XochitlGalvez usted es mi presidente ya,1,,
@samuel_garcias @XochitlGalvez Sonemos con un presidente norteno,1,,
@yaildom @samuel_garcias @XochitlGalvez Samuel mi presidente,1,,
"@luis_gj @samuel_garcias Esta mas cerca de ser Presidente Samuel, a que Xochitl lo sea.",1,,
"@samuel_garcias @XochitlGalvez Tu sera el Presidente de Mexico 2024- 2030 
Se Viene el Nuevo Mexico",1,,
@chaledelafuente @samuel_garcias Ya cubre el perfil para presidente de la Republica,1,,
"@samuel_garcias Porfavor ya legalicen la plantita, lo tqm futuro presidente de la Republica",1,,
@samuel_garcias nuestro futuro presidente,1,,
@LilianMarib @MexiaPatricia @samuel_garcias Verdaderamente. Hay que imaginarlo de presidente,1,,
@telediariomty Excelente Gober @samuel_garcias  nuestro proximo Presidente ,1,,
@samuel_garcias Bendiciones mi senor presidente,1,,
"@FloresBenavid @samuel_garcias @conagua_mx @Conagua_OCRB ecxelente mi gobernatore di oro, va que vuela para presidente, todo NL de da su apoyo",1,,
@santiagobaeza @samuel_garcias Va a Ganar Samuel,1,,
@GlodeJo07 @ramonpena74 @samuel_garcias Y va a ganar la presidencia por Mariana,1,,
@TendenciaPN @Claudiashein @XochitlGalvez @samuel_garcias Por lo que veo si tienes posibilidades de ganar we @samuel_garcias ajajjajajaajajajajajajajajjajajajajajajajaja https://t.co/NK8xqgcaiF,1,,
@samuel_garcias Este gobernador lo que hace es ganar y ganar ,1,,
" Claro que vs s ganar, yo votare por el Gobernathor, un pito un voto, por samuelillo ",1,,
@EmilioVallejoRL @samuel_garcias @XochitlGalvez Va a ganar Samuel y te vas a cagar! JJaja ya lo hizo una vez y lo hara de nuevo!,1,,
@samuel_garcias @XochitlGalvez Eres pura fantochada Samuel. Solo lo haces como esquirol porque no tienes ni media posibilidad de ganar.,0,227,225
"@samuel_garcias @XochitlGalvez callese Samuel, no vas a ganar como quiera",0,,
@GlodeJo07 La neta no tiene ningunas posibilidades de ganar @samuel_garcias  Pero va a quedar mejor posicionado que la gorda #CoguptaCarronera,0,,
"@samuel_garcias @XochitlGalvez lastima Margarito no tienes conque ganar 
#XochiltGalvezPresidenta2024",0,,
"@samuel_garcias @XochitlGalvez No te queremos ni en NL, vas a ganar la Presidencia.  Pero bueno, tienes que hacerle el favor a @lopezobrador_",0,,
"@samuel_garcias @XochitlGalvez No Samuel no estas demostrado nada en Nuevo Leon 
Nada MAs te vas a quemar . Ojala cumplas primero con Nuevo Leon y le pais entero vera el progreso del estado y no dudaran en votar por ti 
Por el momento no creo que tengas la oportunidad de ganar 
Saludos",0,,
"@samuel_garcias @XochitlGalvez No mames pinche corrupto aliado al tambien corrupto @lopezobrador_ !!!

Lo unico que vas a ganar es tu camino a tu casa!!!

Ya lo veras perdedor.",0,,
"@samuel_garcias @XochitlGalvez No te humilles Samuel.

Ni tu mismo te la crees.

Sabes que solo eres un instrumento mas para dividir el voto, pero no tienes ni la mas remota posibilidad de ganar.",0,,
"@samuel_garcias @XochitlGalvez Nos mentiste a los regiomontanos, NI DE BROMA te vamos a apoyar

AMLO te tiene agarrado de tus minusculos tanates porque tu papa es facturero y por eso te estas lanzando sabiendo que NUNCA, NI DE PEDO vas a ganar

Eres una verguenza para el norte donde somos gente de palabra.",0,,
"@samuel_garcias Estas muy alzadito , como renuncias a la Gobernatura de NL , cuando tienes cero posibilidades de ganar la Presidencia.",0,,
@samuel_garcias Y tu tambien por que no vas a ganar jajajajajajajaa loser,0,,
"@samuel_garcias Buscar ahora la presidencia te va a salir mal...neto no lo hagas, puedes llegar al 2030 bien y ganar no gastes ahora tu capital, y mira que me caes bastante mal.",0,,
"@samuel_garcias Sin llorar ya, te chamaqeuaron por faltar a u palabra y querer competir por la presidencia, de la cual no tienes ni la mas minima posibilidad de ganar.",0,,
"@samuel_garcias largate y no vuelvas, solo una cosa te aseguro vas a ganar pura   infeliz traidor  https://t.co/6l2qCnJVhp",0,,
"La verdad, @samuel_garcias ni va a ganar la presidencia, y nadie lo va a extranar en NL.
Sale apestado por todos lados por mamon, arrastrado, corrupto, mentiroso, vanidoso, frivolo y pndejo.
Hasta a Marianis y Mariel ha de tener hasta la madre.
Que se largue y no regrese.",0,,
"@elnortelocal @samuel_garcias Mas Claro que esta con Morena, no tiene la mas remota posibilidad de Ganar..... Pero si de destruir...
Nuevo Leon no olvida... Los Ciudadanos No Olvidan...",0,,
@AlvarezMaynez @samuel_garcias Si pues; ninguno. Pero con eso no les alcanza para ganar absolutamente nada. Ahora tu dime un solo liderazgo de MC que dispute de verdad una gubernatura. Porque para la presidencia ya sabemos que estan muy lejos,0,,
"@samuel_garcias Traidor, no vas a ganar la presidencia y por no cumplir a la gente que te dimos el voto, espero ya no regreses a nuevo Leon, pidele asilo al asno.",0,,
"@samuel_garcias @chavacanamayor Vas que vuelas a salir como rata peor que medina cabron y te vale vga .
Tu pinche partido de mierda jamas volvera a ganar ni una diputacion hdp",0,,
@samuel_garcias @maurodoehner NO VAS A GANAR WEY...NADIEN TE CONOCE...IGUAL QUE EL BRONCO...Y RECUERDA QUE DEMANDAREMOS POR EL TRASVASE A LA PRESA MARTE R GOMEZ,0,,
"@samuel_garcias @maurodoehner NO VAS A GANAR, TU LO SABES, solo le estas ayudando a Andres Manuel a llevarnos a una dictadura, ASI QUIERES QUE CREZCA TU HIJA??",0,,
"Desde ahorita les adelanto, @samuel_garcias NO VA A REGRESAR, porque va a ganar la presidencia. #SamuelGarcia #NuevoLeon",1,,
@samuel_garcias @maurodoehner Igual no vas a ganar.,0,,
@samuel_garcias @maurodoehner Ni vas a ganar y solo te vas a ir hacer pendejo BRONCO,0,,
El estupidito que quiere ser presidente todo pedo y drogado. Que un verg@zo lo he de mandar bajo la mesa. @samuel_garcias que asco de chamaco pend3jo y nefasto eres https://t.co/LmQZXY5GeM,0,,
@samuel_garcias Nuevo Leon es el claro ejemplo del porque no deberias ser Presidente.,0,,
"@samuel_garcias Nuestro futuro Presidente, eso chingon cierrales el ocico, aqui en Nuevo Leon te apoyamos al 100%",1,,
@Gerardotigre1 @SoySimpsonito @samuel_garcias eres el presidente de la republica de los pendejos...,0,,
@ReporteCumbres @samuel_garcias El culpable de todo esto ya quiere ser presidente no tienen ni tantita verguenza del desastre que hizo,0,,
@elnorte Si no terminaste en tu encargo como gobernador no te queremos como presidente @samuel_garcias . Te mostraste 90% leal pero te fallo la inteligencia.,0,,
"@azucenau Pero dice @samuel_garcias que todo esta bien y que por eso se va a lanzar de presidente. 

Ridiculo. No pudo con un simple estado y va a poder con 32.",0,,
"@samuel_garcias @chavacanamayor Ni con tus publicaciones seras presidente

Ponte a jalar weeeeyyy",0,,
"@samuel_garcias CON UN MALDITO IMBECIL DE PRESIDENTE YA TUVIMOS, NO NECESITAMOS A OTRO IDIOTA HOCICON Y MENTIROSO COMO TU, XOCHITL SERA LA PRIMERA PRESIDENTA DE MEXICO @XochitlGalvez",0,,
@samuel_garcias @XochitlGalvez Jajaja...ni del Presidente y menos de los mexicanos seras el favorito,0,,
@GlodeJo07 @samuel_garcias Samuel es basura ya lo demostro . Jamas sera presidente el mismo pico su tumba  traidor,0,,
"@cesarmty @samuel_garcias y asi quieres ser presidente, no puedes ni con nuestro estado",0,,
@samuel_garcias @XochitlGalvez De verdad de verdad crees que todo Mexico te va a elegir como su presidente?  Que ingenuo neta,0,,
@blogdelnarcomex ?y asi quiere ser presidente el pendejazo whitexican de @samuel_garcias ?,0,,
"@samuel_garcias No puedes con el Viejo Nuevo Leon y quieres ser presidente,,, se vale sonar,,,,,",0,,
@cesarmty Y asi @samuel_garcias quiere ser Presidente que ni con su Estado puede el che cara de nino nalgas miadas.,0,,
@samuel_garcias @XochitlGalvez Pobre idiota. Crees que ser presidente es ser influencer en las redes,0,,
"@azucenau el quijadas de burro de @samuel_garcias deja un estado en llamas  con sangre por todos lados. Solo le importa lamerle los webos al anciano demente, y alucinarse que puede ser, con capacidad nula,  presidente de mexico",0,,
" nuestro proximo presidente de la Republica, si gana que creen que vaya a hacer cuando le pongan la banda presidencial? 
",1,,
@RicardoAlemanMx @samuel_garcias Ahora cualquier retrasado mental ya quiere ser presidente!,0,,
"@samuel_garcias Pues si, pero tu nunca seras Presidente ",0,,
"@samuel_garcias @chavacanamayor Pues en ese caso, mejor que se lance ella para presidente, porque tu si dejas mucho que desear ",0,,
"@RicardoAlemanMx @samuel_garcias Nadie lo quiere de presidente, Andres se burla de el, haciendole creer que puede ser presidente.",0,,
@samuel_garcias Ridicul@ no pudiste con tu estado y pretendes ser presidente de la Republica? ,0,,
"@samuel_garcias Guadalajara, llego el idiota que se cree inteligente y ya se ve como presidente.",0,,
"@samuel_garcias Es correcto, por lo pronto saludos desde la Torre Obispado, proximo presidente de Mexico.",1,,
Como quieren este idiot @samuel_garcias para candidato a presidente? Por favor si ya se equivoco NL NO MAS pendejadas !!! @elnorte @reformanacional @Radio_Formula @AztecaNoticias @ImagenTVMex @Adela_Micha @brozoxmiswebs @azucenau,0,,
"Esta basura de @samuel_garcias es lo que quieren para el presidente?
Luego no lloren.... Sean serios!
Se lo dije a #NuevoLeon en su momento y se los digo hoy a los mexicanos todos!
Ya paren de mmar!",0,,
"@samuel_garcias Chinga tu puta madre doctor doctor @samuel_garcias 

Sigue lavando dinero del narco pinche norteno tipludo pendejo.

Nunca seras presidente hijo de tu chingada madre, prima de tu papa. https://t.co/oGhFs8ah96",0,,
@samuel_garcias Eres muy muy peeendejo para ser presidente... Ya tenemos a uno y ahora a ti??? ... Ya sabemos que solo haces el caldo gordo,0,,
"@samuel_garcias Que ridiculo eres !!!! Todos los politicos son la misma mierda, cinicos y corruptos, sabes que nunca seras presidente y aun asi te convertiste en un titere mas del inepto de @lopezobrador_ eres patetico.",0,,
@samuel_garcias Eres lamehuevos del presidente mas rata que a tenido Mexico. https://t.co/YjdbviSwui,0,,
"@samuel_garcias CHRPM, nunca seras presidente, bueno, ni siquiera candidato pejidta de closet y de quien sabe que mas..... Voz de marica.",0,,
"@samuel_garcias Eres un pobre imbecil, nunca seras presidente, solo te prestas a ser una botarga del presidente!",0,,
@samuel_garcias @chavacanamayor Bah!!! Mocoso pendejo. Nadie te quiere de presidente.,0,,
"@LayCeRo @samuel_garcias Noooo amiga al contrario que vuelva, porque si no vuelve es porque se queda de Presidente y eso seria peor que ese Pende...jojo acabe con el pais",0,,
"@samuel_garcias No somos pendejos como los regios, ellos te pusieron de gobernador pero los mexicanos no te pondremos de presidente.",0,,
"@samuel_garcias No vas a ser presidente. Decepcionaste a todo Nuevo Leon. No pudiste con el estado, por mas que alardees lo contrario",0,,
"@samuel_garcias Atento aviso a todo Mexico, este es un pendejaso, marioneta del presidente",0,,
"@samuel_garcias no mms estas muy pdjo para ser presidente. Saldriamos de Guatemala para entrar a guatepeor, vete a cuidar a tu hija wy !!",0,,
"@samuel_garcias wey, si para gobernador te me hacias super pendejo!! para presidente, ni te digo.. ni en el mas punetero de tus suenos tu mismo te verias haciendolo bien.. ten verguenza culero y acaba tu administracion en Nuevo Leon  nadie, pero nunca nadie.. sera mas pendejo que Fox o el Peje !",0,,
"@mexnewz @samuel_garcias @nuevoleon @reportecoco Este wey no sirve ni pa' presidente de colonia, es un corruptazo sin palabra ",0,,
"@politicomx @ArturoRomeroL1 @samuel_garcias @nuevoleon @MovCiudadanoMX LE PEDIMOS AL UNIVERSO Y A TODOS LOS DIOSES DEL MUNDO QUE NOO PERMITAN AL BURRO SAMUEL GARCIA LLEGAR A SER PRESIDENTE DE MEXICO.  QUE ASI SEA, DECRETADO ESTA.  AMEN!!",0,,
@samuel_garcias Ojala fueras vos el presidente de Mexico 2024,1,,
@politicomx @samuel_garcias @nuevoleon @MovCiudadanoMX Un hombre SIN PALABRA no debe ser presidente,0,,
@samuel_garcias @chavacanamayor Jajaja en vvd este payaso piensa que puede llegar a ser presidente de Mexico jajajaja https://t.co/mT66qW5Wi5,0,,
"@karene29 @M2Cyndy @samuel_garcias Que imbecil e inmaduro y todavia quiere ser presidente, que verguenza",0,,
"@Alejand25526879 @EmilioVallejoRL @samuel_garcias @XochitlGalvez Pues vete con tu presidente a vivir a cuba y vive alla con tu dictador. No todos queremos lo mismo, millones queremos nuestra libertad, independencia y soberania, y eso no lo tendremos con Lopez",0,,
@samuel_garcias ya eres presidente!,1,,
"@VicSanPlas @emmanuel_rdgz @samuel_garcias #SAMLO no sera presidente aunque saque en tanga a la ""marianis"" https://t.co/Ro2jUecId8",0,,
"@samuel_garcias Escucha bien entonces: NUNCA seras presidente porque NO TIENES PALABRA. Quieres saber tu error fatal? Ahi te va: conspirar con la secta que tiene como proposito destruir Mexico ademas de hacerte su complice, te hace detestable! Spoiler: el mitomano (ni su lagartija) cumplen nada",0,,
"@juncalssolano Miedo al babosete de @samuel_garcias  Ay pasante, deja de escribir tonterias! Nadie va a votar por el para presidente, asi como NADIE voto por ti para diputado... ",0,,
@karene29 @samuel_garcias Ridiculo que quiera ser presidente..pobre idiota,0,,
"Y pensar que este estupido meco quiere ser el presidente de la republica...

Eres un pen-dejo @samuel_garcias 

https://t.co/k1t6j3peuq",0,,
"@samuel_garcias @chavacanamayor Chiflado fosfo  fosfo...eres un fraude como gobernador...igual de populista y demagogo que el ""presidente"" que tanto criticaste ",0,,
